Construction,Program,TYPE OF CONSTRUCTION,STATUS,Province,Municipality,Location,Households,LCS ,Sol Hab ,Executor,AFIS,AFIN,Number of Main Exp. ,N° of private agreement,Signature date ACU,Latitude ,Years ,Length,Long ,LATITUDE AND LONGITUDE,UVI amount  nation total ,UVI total amount counterpart,Remaining balance at UVIS,Act of contruction start 
Construcción de Centro de Día y Pileta Climatizada Cubierta,PNASU,LOT WITH SERVICES,IN ACTION,Buenos Aires,Salto,Salto,0,277,277,MUNICIPALITY,83.1,97.3,EX-2020-75925338- -APN-DGDYD#MDTYH,88655236/2020,17/12/20,-342932,-34.2932,-6023592,-60.23592,"-34.2932, -60.23592","1,191,669.16",0,"24,933.93",01/02/21
B° Las Antenas - Terminación de 112 Viviendas más infraestructura,PNASU,LOT WITH SERVICES,IN ACTION,Buenos Aires,Benito Juarez,Benito Juarez,0,62,62,MUNICIPALITY,84.88,61.39,EX-2020-76956695- -APN-DGDYD#MDTYH,89309612/2020,17/12/20,-3766689,-37.66689,-59789114,-59.789114,"-37.66689, -59.789114","316,625.53",0,"109,465.46",09/02/21
B° San Jorge II - Terminacion de 40 Viviendas mas Infraestructura,PNASU,LOT WITH SERVICES,FINISHED,Buenos Aires,Patagones,Carmen De Patagones,0,213,213,MUNICIPALITY,100,86.86,EX-2020-76876592- -APN-DGDYD#MDTYH,89310015/2020,18/12/20,-4077976,-40.77976,-6296525,-62.96525,"-40.77976, -62.96525","1,631,022.74",0,"166,592.41",22/02/21
32 Viviendas más equipamiento en espacios comunes,REBUILD,HOUSING TERMINATION,FINISHED,Buenos Aires,Almirante Brown,Malvinas Argentinas,56,0,56,MUNICIPALITY,100,100,EX-2021-32864305- -APN-DGDYD#MDTYH,47909560/2021,07/05/21,-34827986,-34.827986,-58438183,-58.438183,"-34.827986, -58.438183","863,194.10",0,"1,093,921.19",08/02/21
Terminación de 17 viviendas,PNASU,LOT WITH SERVICES,IN ACTION,Buenos Aires,Coronel Pringles,Coronel Pringles,0,100,100,MUNICIPALITY,93.86,83.2,EX-2020-76955955- -APN-DGDYD#MDTYH,89311247/2020,17/12/20,-3797089,-37.97089,-61354,-61.354,"-37.97089, -61.354","564,738.18",0,"78,920.80",01/02/21
Predio Maciel - Terminación de 84 viviendas,PNASU,LOT WITH SERVICES,FINISHED,Buenos Aires,Castelli,Castelli,0,83,83,MUNICIPALITY,100,89.83,EX-2020-76957828- -APN-DGDYD#MDTYH,89310603/2020,17/12/20,-3608114,-36.08114,-57806019,-57.806019,"-36.08114, -57.806019","562,069.80",0,"46,645.72",01/02/21
Terminación de 41 viviendas Las Toninas,PNASU,LOT WITH SERVICES,IN ACTION,Buenos Aires,Villa Gesell,Villa Gesell,0,102,102,MUNICIPALITY,48.37,48.72,EX-2020-80516789- -APN-DGDYD#MDTYH,89312705/2020,18/12/20,-3724673,-37.24673,-5699159,-56.99159,"-37.24673, -56.99159","165,747.57",0,"72,755.67",01/04/21
Construcción de 50 viviendas en Tres Lomas - Etapa 1,REBUILD,HOUSING TERMINATION,FINISHED,Buenos Aires,Almirante Brown,Malvinas Argentinas,48,0,48,MUNICIPALITY,100,94.93,EX-2021-33758528- -APN-DGDYD#MDTYH,47912773/2021,07/05/21,-34827358,-34.827358,-58435072,-58.435072,"-34.827358, -58.435072","2,328,427.56",0,"1,179,875.96",08/02/21
Construcción de Centro de Día y Pileta,PNASU,LOT WITH SERVICES,IN ACTION,Buenos Aires,Villa Gesell,Villa Gesell,0,32,32,MUNICIPALITY,68.64,58.56,EX-2020-86977638- -APN-DGDYD#MDTYH,91357634/2020,29/12/20,-3725565,-37.25565,-56993301,-56.993301,"-37.25565, -56.993301","130,748.99","23,073.35","46,947.45",01/04/21
Terminación de 12 viviendas en Vivoratá,PNASU,LOT WITH SERVICES,IN ACTION,Buenos Aires,Mercedes,Mercedes,0,174,174,MUNICIPALITY,65.56,66.29,EX-2020-90097071- -APN-DGDYD#MDTYH,91497503/2020,29/12/20,-346647,-34.6647,-5946321,-59.46321,"-34.6647, -59.46321","1,287,840.16","227,265.91","377,042.69",11/02/21
B° Philips - Construcción de 57 viviendas,REBUILD,HOUSING TERMINATION,FINISHED,Buenos Aires,Almirante Brown,Malvinas Argentinas,56,0,56,MUNICIPALITY,100,85.51,EX-2021-34518516- -APN-DGDYD#MDTYH,47910928/2021,28/05/21,-34829042,-34.829042,-58437772,-58.437772,"-34.829042, -58.437772","1,250,853.52",0,"3,638,625.66",18/11/20
Construcción de 208 viviendas en Predio Mitre 2545 y complementarias,REBUILD,HOUSING TERMINATION,FINISHED,Buenos Aires,Almirante Brown,Malvinas Argentinas,36,0,36,MUNICIPALITY,100,100,EX-2021-33757775- -APN-DGDYD#MDTYH,47914958/2021,07/05/21,-34826275,-34.826275,-58433858,-58.433858,"-34.826275, -58.433858","656,191.15",0,"2,400,161.94",28/04/21
Terminación de 252 viviendas en la localidad de Canning,REBUILD,HOUSING TERMINATION,FINISHED,Buenos Aires,Almirante Brown,Malvinas Argentinas,48,0,48,MUNICIPALITY,100,100,EX-2021-32440673- -APN-DGDYD#MDTYH,47913955/2021,28/05/21,-34826689,-34.826689,-58435597,-58.435597,"-34.826689, -58.435597","702,178.76",0,0,01/06/21
Predio 476 Lotes,REBUILD,HOUSING TERMINATION,IN ACTION,Buenos Aires,Almirante Brown,Malvinas Argentinas,57,0,57,MUNICIPALITY,53.12,44.5,EX-2021-35566063- -APN-DGDYD#MDTYH,54186085/2021,16/06/21,-34827528,-34.827528,-58436122,-58.436122,"-34.827528, -58.436122","3,817,802.90",0,0,08/04/21
Construcción de 31 viviendas en General Alvarado,REBUILD,HOUSING TERMINATION,IN ACTION,Buenos Aires,Almirante Brown,Malvinas Argentinas,64,0,64,MUNICIPALITY,72.32,67.57,EX-2021-35586276- -APN-DGDYD#MDTYH,55620835/2021,13/05/21,-34829447,-34.829447,-58436017,-58.436017,"-34.829447, -58.436017","4,077,147.91",0,"165,254.78",01/06/21
B° Río Tala - Construcción de 25 viviendas,REBUILD,HOUSING TERMINATION,IN ACTION,Buenos Aires,Almirante Brown,Malvinas Argentinas,74,0,74,MUNICIPALITY,70.39,57.89,EX-2021-35435498- -APN-DGDYD#MDTYH,55618895/2021,18/06/21,-34827472,-34.827472,-58433236,-58.433236,"-34.827472, -58.433236","4,537,748.75",0,"116,923.71",01/06/21
B° Los Eucaliptus - Terminación de 24 Viviendas,REBUILD,HOUSING TERMINATION,IN ACTION,Buenos Aires,Almirante Brown,Malvinas Argentinas,60,0,60,MUNICIPALITY,64.35,52.65,EX-2021-35485303- -APN-DGDYD#MDTYH,54191901/2021,16/06/21,-34828914,-34.828914,-58436233,-58.436233,"-34.828914, -58.436233","3,667,974.42",0,0,01/06/21
Manzana 101/85- 80 lotes,REBUILD,HOUSING TERMINATION,IN ACTION,Buenos Aires,Almirante Brown,Malvinas Argentinas,74,0,74,MUNICIPALITY,77.26,63.7,EX-2021-35518995- -APN-DGDYD#MDTYH,54189343/2021,19/05/21,-34828572,-34.828572,-58433797,-58.433797,"-34.828572, -58.433797","4,735,884.47",0,"1,501,326.09",01/06/21
776 Viviendas PROCREAR Lomas de Zamora,REBUILD,INFRAESTRUCTURA,IN ACTION,Buenos Aires,Almirante Brown,Malvinas Argentinas,0,0,0,MUNICIPALITY,89.6,92.62,EX-2021-36683229- -APN-DGDYD#MDTYH,61189239/2021,07/07/21,-34830331,-34.830331,-58436200,-58.436200,"-34.830331, -58.436200","278,201.00",0,0,01/06/21
B° Villa Jardin - Terminación de 121 Viviendas,REBUILD,HOUSING TERMINATION,IN ACTION,Buenos Aires,Mar Chiquita,Coronel Vidal,100,0,100,MUNICIPALITY,83.76,57.18,EX-2021-31588543- -APN-DGDYD#MDTYH,42213686/2021,12/05/21,-37455111,-37.455111,-57736389,-57.736389,"-37.455111, -57.736389","2,572,644.19",0,"847,434.18",24/06/21
Predio Suipacha II - Construcción de 24 viviendas,REBUILD,HOUSING TERMINATION,FINISHED,Buenos Aires,Mar Chiquita,Vivorata,12,0,12,MUNICIPALITY,100,100,EX-2021-31589065- -APN-DGDYD#MDTYH,42669271/2021,13/05/21,-37662528,-37.662528,-57667361,-57.667361,"-37.662528, -57.667361","128,342.11",0,0,07/07/21
B° San Martín - Terminación de 20 Viviendas,OWN HOUSE,NEW HOUSING,IN ACTION,Buenos Aires,Navarro,Navarro,80,0,80,MUNICIPALITY,67.01,57.93,EX-2021-30609644- -APN-DGDYD#MDTYH,40620830/2021,07/05/21,-34991389,-34.991389,-59288611,-59.288611,"-34.991389, -59.288611","4,523,307.06",0,"1,514,233.49",02/08/21
B° Padre Mujica - Construcción de 200 viviendas,REBUILD,INFRAESTRUCTURA,FINISHED,Buenos Aires,Almirante Brown,Malvinas Argentinas,0,0,0,MUNICIPALITY,100,100,EX-2021-61784450- -APN-DGDYD#MDTYH,70426274/2021,04/08/21,-34828206,-34.828206,-58435808,-58.435808,"-34.828206, -58.435808","264,544.27",0,0,01/06/21
B° Villa Talleres - Terminación de 4 viviendas,Own House - Active House,NEW HOUSING,IN ACTION,Buenos Aires,Almirante Brown,San Jose,32,0,32,MUNICIPALITY,34.98,26.62,EX-2021-56162986- -APN-DGDYD#MDTYH,22825619/2022,10/03/22,-34878244,-34.878244,-58364050,-58.364050,"-34.878244, -58.364050","1,861,272.39",0,"29,614.31",15/06/21
Villa Inflamable - Predio Eissler - Construcción de 60 viviendas,Own House - Active House,COMPLEMENTARY CONSTRUCTION,IN ACTION,Buenos Aires,Almirante Brown,San Jose,0,0,0,MUNICIPALITY,34.77,80,EX-2021-56162986- -APN-DGDYD#MDTYH,22826915/2022,10/03/22,-34878578,-34.878578,-58364372,-58.364372,"-34.878578, -58.364372",0,0,0,01/07/21
Terminación de 56 Viviendas más Infraestructura,REBUILD,HOUSING TERMINATION,FINISHED,Buenos Aires,Avellaneda,Dock Sud,16,0,16,MUNICIPALITY,100,100,EX-2021-28266211- -APN-DGDYD#MDTYH,32912005/2021,15/04/21,-34647594,-34.647594,-58350358,-58.350358,"-34.647594, -58.350358","568,854.40",0,"84,948.83",01/07/21
Construcción de Centro de Día y Pileta en Villa Tesei,OWN HOUSE,NEW HOUSING,FINISHED,Buenos Aires,Avellaneda,Wilde,38,0,38,MUNICIPALITY,100,100,EX-2021-07864821- -APN-DGDYD#MDTYH,33107819/2021,16/04/21,-347024965830,-34.7024965830,-58306392,-58.306392,"-34.7024965830, -58.306392","1,862,290.40",0,"151,753.56",01/07/21
B° Lindo - Terminación de 36 Viviendas Mz 1 y 2,REBUILD,HOUSING TERMINATION,IN ACTION,Buenos Aires,Avellaneda,Dock Sud,84,0,84,MUNICIPALITY,95.55,91.42,EX-2021-32056225- -APN-DGDYD#MDTYH,39686732/2021,05/05/21,-34646725,-34.646725,-58354233,-58.354233,"-34.646725, -58.354233","2,665,620.16",0,0,01/07/21
Predio B° Comac - 338 lotes,OWN HOUSE,NEW HOUSING,IN ACTION,Buenos Aires,Avellaneda,Dock Sud,9,0,9,MUNICIPALITY,75.79,63.53,EX-2021-30635970- -APN-DGDYD#MDTYH,39690976/2021,05/05/21,-34649711,-34.649711,-58359181,-58.359181,"-34.649711, -58.359181","449,752.38",0,0,01/07/21
404 Viviendas. PROCREAR I. Ezeiza,OWN HOUSE,NEW HOUSING,FINISHED,Buenos Aires,Avellaneda,Dock Sud,7,0,7,MUNICIPALITY,100,100,EX-2021-30635514- -APN-DGDYD#MDTYH,39689810/2021,05/05/21,-34652519,-34.652519,-58360103,-58.360103,"-34.652519, -58.360103","349,807.41",0,"1,829.97",05/07/21
Predio 46 lotes,OWN HOUSE,NEW HOUSING,IN ACTION,Buenos Aires,Avellaneda,Dock Sud,72,0,72,MUNICIPALITY,60.26,50.92,EX-2021-27982428- -APN-DGDYD#MDTYH,39688389/2021,05/05/21,-34646733,-34.646733,-58353764,-58.353764,"-34.646733, -58.353764","3,577,642.77",0,0,01/06/21
Predio Maciel III - Construcción de 72 Viviendas,REBUILD,HOUSING TERMINATION,FINISHED,Buenos Aires,Avellaneda,Villa Dominico,33,0,33,MUNICIPALITY,100,100,EX-2021-34706695- -APN-DGDYD#MDTYH,41723383/2021,28/04/21,-34703250,-34.703250,-58356589,-58.356589,"-34.703250, -58.356589","831,408.23",0,"1,879,894.93",03/08/21
B° Di Harce - Construcción de 78 viviendas - Manzana 1,REBUILD,HOUSING TERMINATION,FINISHED,Buenos Aires,Avellaneda,Dock Sud,9,0,9,MUNICIPALITY,100,99.37,EX-2021-41632581- -APN-DGDYD#MDTYH,49047735/2021,31/05/21,-34649661,-34.649661,-58359097,-58.359097,"-34.649661, -58.359097","331,631.73",0,"1,225,124.72",03/08/21
B° Lindo - Terminación de 60 viviendas mas obras complementarias Mz 15 y 19,REBUILD,HOUSING TERMINATION,FINISHED,Buenos Aires,Avellaneda,Wilde,19,0,19,MUNICIPALITY,100,100,EX-2021-39989329- -APN-DGDYD#MDTYH,49046287/2021,31/05/21,-34702283,-34.702283,-58308400,-58.308400,"-34.702283, -58.308400","758,831.45",0,"1,617,188.83",03/08/21
Construcción de 26 viviendas en Vivorata,OWN HOUSE,NEW HOUSING,FINISHED,Buenos Aires,Avellaneda,Villa Dominico,12,0,12,MUNICIPALITY,100,100,EX-2021-17764029- -APN-DGDYD#MDTYH,47039215/2021,26/05/21,-34703139,-34.703139,-58356567,-58.356567,"-34.703139, -58.356567","486,468.58",0,"1,481,599.65",03/08/21
Construcción de 62 viviendas en Punta Lara,REBUILD,HOUSING TERMINATION,IN ACTION,Buenos Aires,Avellaneda,Dock Sud,154,0,154,MUNICIPALITY,95.02,79.06,EX-2021-65609374- -APN-DGDYD#MDTYH,67654120/2021,27/07/21,-34649144,-34.649144,-58355361,-58.355361,"-34.649144, -58.355361","6,480,195.44",0,"1,442,878.16",03/08/21
Construcción de 72 viviendas en Coronel Vidal,REBUILD,HOUSING TERMINATION,FINISHED,Buenos Aires,Avellaneda,Avellaneda,8,0,8,MUNICIPALITY,100,100,EX-2021-61930803- -APN-DGDYD#MDTYH,67652554/2021,27/07/21,-34676750,-34.676750,-58338172,-58.338172,"-34.676750, -58.338172","240,499.74",0,"46,691.23",18/08/21
B° La Carmencita - Terminación de 72 viviendas e infraestructura,OWN HOUSE,NEW HOUSING,FINISHED,Buenos Aires,Avellaneda,Sarandi,12,0,12,MUNICIPALITY,100,100,EX-2021-18588031- -APN-DGDYD#MDTYH,47041384/2021,26/05/21,-34676878,-34.676878,-58337278,-58.337278,"-34.676878, -58.337278","510,246.34",0,"3,621,022.72",10/11/21
B° Santos Vega - Construcción de 50 viviendas,REBUILD,INFRAESTRUCTURA,FINISHED,Buenos Aires,Avellaneda,Dock Sud,0,0,0,MUNICIPALITY,100,33.58,EX-2021-58281281- -APN-DGDYD#MDTYH,75227007/2021,17/08/21,-34648661,-34.648661,-58355061,-58.355061,"-34.648661, -58.355061","282,753.48",0,"397,630.51",07/07/21
B° Valacco - Terminación de 8 viviendas,REBUILD,HOUSING TERMINATION,IN ACTION,Buenos Aires,Navarro,Navarro,50,0,50,MUNICIPALITY,70.45,59.28,EX-2021-36208853- -APN-DGDYD#MDTYH,55544410/2021,18/06/21,-34993597,-34.993597,-59579694,-59.579694,"-34.993597, -59.579694","3,199,211.04",0,"1,070,514.93",27/09/21
Construcción de 50 viviendas en Casbas,OWN HOUSE,NEW HOUSING,FINISHED,Buenos Aires,Avellaneda,Wilde,10,0,10,MUNICIPALITY,100,100,EX-2021-70403871- -APN-DGDYD#MDTYH,103340676/2021,27/10/21,-34703772,-34.703772,-58308606,-58.308606,"-34.703772, -58.308606","541,252.71",0,0,14/06/21
B° La Carmencita - 32 Lotes,REBUILD,HOUSING TERMINATION,FINISHED,Buenos Aires,Carmen De Areco,Carmen De Areco,40,0,40,MUNICIPALITY,100,86.64,EX-2021-44325427- -APN-DGDYD#MDTYH,66485972/2021,22/07/21,-343871365536,-34.3871365536,-598321920556,-59.8321920556,"-34.3871365536, -59.8321920556","1,224,250.87",0,"131,708.96",18/08/21
Predio Alianza Maciel - Ampliación de Terminación de nexo cloacal y red secundaria de agua,REBUILD,HOUSING TERMINATION,IN ACTION,Buenos Aires,Castelli,Castelli,17,0,17,MUNICIPALITY,82.55,80.56,EX-2021-53491366- -APN-DGDYD#MDTYH,64111896/2021,16/07/21,-36084747,-36.084747,-57811997,-57.811997,"-36.084747, -57.811997","629,003.78",0,"120,910.26",16/08/21
B° Manuel Dorrego - Infraestructura para 284 viviendas,REBUILD,HOUSING TERMINATION,IN ACTION,Buenos Aires,Navarro,Navarro,100,0,100,MUNICIPALITY,73.68,65.03,EX-2021-48978628- -APN-DGDYD#MDTYH,59375427/2021,03/06/21,-34988389,-34.988389,-59270803,-59.270803,"-34.988389, -59.270803","7,948,637.60",0,"2,222,820.02",12/08/21
B° Dorrego - Terminación de 80 Viviendas - Etapa 1,OWN HOUSE,NEW HOUSING,IN ACTION,Buenos Aires,Laprida,Laprida,20,0,20,MUNICIPALITY,64.4,57.97,EX-2021-44298233- -APN-DGDYD#MDTYH,66481424/2021,22/07/21,-37543569,-37.543569,-60801003,-60.801003,"-37.543569, -60.801003","1,040,773.59",0,"398,329.86",15/11/21
Villa Inflamable - Predio Raizen - Construcción de 112 viviendas - Etapa 1,OWN HOUSE,NEW HOUSING,IN ACTION,Buenos Aires,Avellaneda,Dock Sud,16,0,16,MUNICIPALITY,85.65,74.88,EX-2021-70210897- -APN-DGDYD#MDTYH,103339997/2021,27/10/21,-34651875,-34.651875,-58355358,-58.355358,"-34.651875, -58.355358","863,361.14",0,"1,153,281.97",03/01/22
Predio Saladita V - Construcción de 8 viviendas,OWN HOUSE,NEW HOUSING,FINISHED,Buenos Aires,Avellaneda,Sarandi,20,0,20,MUNICIPALITY,100,91.75,EX-2021-70003060- -APN-DGDYD#MDTYH,106997857/2021,04/11/21,-34674586,-34.674586,-58335039,-58.335039,"-34.674586, -58.335039","1,155,077.30",0,0,01/09/21
Villa Inflamable - Predio Raizen - Construcción de 31 viviendas - Etapa 2,OWN HOUSE,NEW HOUSING,IN ACTION,Buenos Aires,Avellaneda,Villa Dominico,37,0,37,MUNICIPALITY,16.71,12.3,EX-2021-116018059- -APN-DGDYD#MDTYH,118288874/2021,03/12/21,-34704772,-34.704772,-58355669,-58.355669,"-34.704772, -58.355669","2,160,767.68",0,"386,832.41",28/12/21
B° Manuel Belgrano - Predio 100 Lotes,OWN HOUSE,NEW HOUSING,IN ACTION,Buenos Aires,Avellaneda,Avellaneda,98,0,98,MUNICIPALITY,20.8,21.46,EX-2021-114709147- -APN-DGDYD#MDTYH,118133950/2021,03/12/21,-34675803,-34.675803,-58374706,-58.374706,"-34.675803, -58.374706","6,082,987.06",0,0,05/07/21
128 Viviendas PROCREAR Avellaneda (Entre Ríos),OWN HOUSE,NEW HOUSING,IN ACTION,Buenos Aires,Avellaneda,Dock Sud,36,0,36,MUNICIPALITY,17.77,17.09,EX-2021-117795564- -APN-DGDYD#MDTYH,120071244/2021,10/12/21,-34645917,-34.645917,-58353408,-58.353408,"-34.645917, -58.353408","2,113,723.77",0,"19,288.60",09/08/21
709 Viviendas PROCREAR Avellaneda (Av Crisologo Larralde),REBUILD,HOUSING TERMINATION,FINISHED,Buenos Aires,Alberti,Alberti,40,0,40,MUNICIPALITY,100,100,EX-2021-39610466- -APN-DGDYD#MDTYH,70422442/2021,20/05/21,-35025183,-35.025183,-60269367,-60.269367,"-35.025183, -60.269367","1,107,289.00",0,0,27/08/21
Construcción de 12 viviendas en Castelli,REBUILD,HOUSING TERMINATION,IN ACTION,Buenos Aires,Avellaneda,Dock Sud,197,0,197,MUNICIPALITY,66.65,59.79,EX-2021-120052104- -APN-DGDYD#MDTYH,121626005/2021,15/12/21,-34648083,-34.648083,-58355089,-58.355089,"-34.648083, -58.355089","11,096,043.62",0,0,06/09/21
B° Lindo - Terminacion de planta reguladora de gas,OWN HOUSE,NEW HOUSING,IN ACTION,Buenos Aires,Castelli,Castelli,25,0,25,MUNICIPALITY,71.99,69.75,EX-2021-52735228- -APN-DGDYD#MDTYH,68812515/2021,30/07/21,-36096850,-36.096850,-57800653,-57.800653,"-36.096850, -57.800653","1,270,736.36",0,"369,333.00",17/08/21
"B° Lindo - Terminación de 74 viviendas Mz 12, 8 y 4",OWN HOUSE,NEW HOUSING,IN ACTION,Buenos Aires,Avellaneda,Wilde,30,0,30,MUNICIPALITY,75.76,60.66,EX-2021-86020120- -APN-DGDYD#MDTYH,126107620/2021,28/12/21,-347030333,-34.7030333,-58308467,-58.308467,"-34.7030333, -58.308467","1,773,379.61",0,"187,815.47",13/09/21
B° Lindo - Terminación de 56 viviendas Mz 17 y 20,OWN HOUSE,NEW HOUSING,IN ACTION,Buenos Aires,Avellaneda,Villa Dominico,24,0,24,MUNICIPALITY,97.56,94.75,EX-2021-87959553- -APN-DGDYD#MDTYH,803481/2022,30/12/21,-34704228,-34.704228,-58355967,-58.355967,"-34.704228, -58.355967","1,517,670.67",0,"344,206.80",20/09/21
B° Jacinto - Infraestructura para la terminación de 13 viviendas,OWN HOUSE,NEW HOUSING,IN ACTION,Buenos Aires,Avellaneda,Wilde,25,0,25,MUNICIPALITY,81.39,73.11,EX-2021-102240351- -APN-DGDYD#MDTYH,4286012/2022,14/01/22,-34676036,-34.676036,-58370425,-58.370425,"-34.676036, -58.370425","1,669,708.78",0,"1,524,914.34",03/01/22
711 Viviendas. PROCREAR I. Estacion Saenz,OWN HOUSE,NEW HOUSING,IN ACTION,Buenos Aires,Avellaneda,Dock Sud,53,0,53,MUNICIPALITY,16.39,20,EX-2022-09419517- -APN-DGDYD#MDTYH,14655044/2022,15/02/22,-34650750,-34.650750,-58359889,-58.359889,"-34.650750, -58.359889","3,447,758.77",0,"178,796.88",15/11/21
Construcción de 24 viviendas en Pirán,OWN HOUSE,NEW HOUSING,IN ACTION,Buenos Aires,Avellaneda,Dock Sud,11,0,11,MUNICIPALITY,70.18,63.75,EX-2021-89654091- -APN-DGDYD#MDTYH,4287865/2022,14/01/22,-34645828,-34.645828,-58353511,-58.353511,"-34.645828, -58.353511","656,135.33",0,"1,813,126.62",15/11/21
Construcción de 32 viviendas más espacios comunes en Escobar,OWN HOUSE,NEW HOUSING,IN ACTION,Buenos Aires,Avellaneda,Avellaneda,44,0,44,MUNICIPALITY,43.99,38.75,EX-2021-108747451- -APN-DGDYD#MDTYH,26806523/2022,18/03/22,-34702592,-34.702592,-58355550,-58.355550,"-34.702592, -58.355550","2,756,255.66",0,"951,477.09",04/04/22
Predio España 1 del Valle - 347 Lotes,OWN HOUSE,NEW HOUSING,IN ACTION,Buenos Aires,Avellaneda,Dock Sud,44,0,44,MUNICIPALITY,7.57,18.77,EX-2022-37204403- -APN-DGDYD#MDTYH,50539744/2022,20/05/22,-34656728,-34.656728,-58351622,-58.351622,"-34.656728, -58.351622","2,761,060.33",0,0,
"50 viviendas en las localidades de las Marianas, Villa mol, J.J. Almeyra",OWN HOUSE,NEW HOUSING,IN ACTION,Buenos Aires,Avellaneda,Wilde,11,0,11,MUNICIPALITY,59.76,48.97,EX-2022-24544898- -APN-DGDYD#MDTYH,57974654/2022,08/06/22,-34702389,-34.702389,-58306928,-58.306928,"-34.702389, -58.306928","604,670.67",0,"18,563,060.96",20/10/21
B° Zabaleta - Construcción de 188 viviendas - Sector II,OWN HOUSE,NEW HOUSING,IN ACTION,Buenos Aires,San Pedro,San Pedro,84,0,84,MUNICIPALITY,59.92,50.47,EX-2021-51209916- -APN-DGDYD#MDTYH,81324784/2021,31/08/21,-33691469,-33.691469,-59643362,-59.643362,"-33.691469, -59.643362","4,705,787.48",0,"2,050,286.82",01/11/21
B°Santa Ana - Construcción de Centro de Día y pileta,OWN HOUSE,NEW HOUSING,IN ACTION,Buenos Aires,Avellaneda,Wilde,8,0,8,MUNICIPALITY,69.23,57.6,EX-2022-13670905- -APN-DGDYD#MDTYH,62886119/2022,22/06/22,-34703592,-34.703592,-58309400,-58.309400,"-34.703592, -58.309400","471,995.88",0,"89,382.46",27/09/21
Construcción de 30 viviendas en Gral. Conesa,REBUILD,INFRAESTRUCTURA,FINISHED,Buenos Aires,Avellaneda,Dock Sud,0,0,0,MUNICIPALITY,100,0,EX-2021-58281281- -APN-DGDYD#MDTYH,75227007/2021,17/08/21,-34648661,-34.648661,-58355061,-58.355061,"-34.648661, -58.355061","12,540.96",0,"279,763.63",20/09/21
Construcción de 15 viviendas en Playa Dorada - Mar Chiquita,OWN HOUSE,NEW HOUSING,A INICIAR,Buenos Aires,Avellaneda,Sarandi,112,0,112,MUNICIPALITY,0,20,EX-2022-83677078- -APN-DGDYD#MDTYH,89262938/2022,25/08/22,-34656925,-34.656925,-58336011,-58.336011,"-34.656925, -58.336011","6,728,350.75",0,0,14/03/22
B° Villanueva - Terminación de obras de infraestructura y nexo para 874 viviendas,REBUILD,HOUSING TERMINATION,IN ACTION,Buenos Aires,General Paz,Ranchos,86,0,86,MUNICIPALITY,82.57,69.04,EX-2021-58415877- -APN-DGDYD#MDTYH,90288849/2021,23/09/21,-35502301,-35.502301,-58315185,-58.315185,"-35.502301, -58.315185","3,748,294.07",0,"975,633.75",22/11/21
Predio Argañaraz I - Construcción de 24 viviendas - Renglón I - Módulos 3 y 4,OWN HOUSE,NEW HOUSING,IN ACTION,Buenos Aires,San Pedro,San Pedro,89,0,89,MUNICIPALITY,45.4,37.28,EX-2021-52189927- -APN-DGDYD#MDTYH,89234404/2021,21/09/21,-33697392,-33.697392,-59641972,-59.641972,"-33.697392, -59.641972","4,880,666.32",0,"2,790,270.78",16/12/21
Sector Rosetti - Terminación de 46 viviendas e infraestructura,REBUILD,HOUSING TERMINATION,IN ACTION,Buenos Aires,Bahia Blanca,Bahía blanca,162,0,162,MUNICIPALITY,60.71,49.4,EX-2021-77553673- -APN-DGDYD#MDTYH,91483972/2021,23/09/21,-38735953,-38.735953,-62214772,-62.214772,"-38.735953, -62.214772","9,352,460.22",0,"4,310,839.83",11/11/21
Construcción de 11 viviendas en Baradero,OWN HOUSE,NEW HOUSING,A INICIAR,Buenos Aires,Avellaneda,Dock Sud,60,0,60,MUNICIPALITY,0,20,EX-2022-85567813- -APN-DGDYD#MDTYH,89263165/2022,25/08/22,-34656967,-34.656967,-58332331,-58.332331,"-34.656967, -58.332331","3,637,426.08",0,"855,394.23",24/09/21
B° Cooperativa - 154 lotes,OWN HOUSE,NEW HOUSING,IN ACTION,Buenos Aires,Avellaneda,Dock Sud,24,0,24,MUNICIPALITY,8.43,22.93,EX-2022-74136357- -APN-DGDYD#MDTYH,89263052/2022,25/08/22,-34655761,-34.655761,-58352039,-58.352039,"-34.655761, -58.352039","1,542,890.15",0,0,24/09/21
Construcción de 24 viviendas en Guaminí,OWN HOUSE,NEW HOUSING,IN ACTION,Buenos Aires,Avellaneda,Dock Sud,24,0,24,MUNICIPALITY,23.14,27.16,EX-2022-82487268- -APN-DGDYD#MDTYH,90499827/2022,29/08/22,-34656228,-34.656228,-58352014,-58.352014,"-34.656228, -58.352014","1,569,055.60",0,"702,541.30",01/12/21
Sector Hospital - Terminación de 24 viviendas e infraestructura,REBUILD,HOUSING TERMINATION,IN ACTION,Buenos Aires,Trenque Lauquen,Trenque Lauquen,56,0,56,MUNICIPALITY,96.68,84.09,EX-2021-80325758- -APN-DGDYD#MDTYH,94204914/2021,01/10/21,-35942661,-35.942661,-62729289,-62.729289,"-35.942661, -62.729289","2,996,122.73",0,"391,093.87",09/11/21
Construcción de 50 viviendas en Pehuajó,OWN HOUSE,NEW HOUSING,A INICIAR,Buenos Aires,Avellaneda,Dock Sud,31,0,31,MUNICIPALITY,0,20,EX-2022-96011574- -APN-DGDYD#MDTYH,99631557/2022,20/09/22,-34656131,-34.656131,-58335875,-58.335875,"-34.656131, -58.335875","2,047,644.17",0,"4,489,522.64",
B° Juan Pablo II - Terminación de 308 Viviendas,OWN HOUSE,NEW HOUSING,A INICIAR,Buenos Aires,Avellaneda,Dock Sud,14,0,14,MUNICIPALITY,0,20,EX-2022-98983582- -APN-DGDYD#MDTYH,104281869/2022,29/09/22,-34652158,-34.652158,-58357639,-58.357639,"-34.652158, -58.357639","823,797,026.00",0,"12,948,227.39",18/04/22
B° Ex Cravie - Construcción de 24 viviendas,OWN HOUSE,NEW HOUSING,A INICIAR,Buenos Aires,Avellaneda,Wilde,43,0,43,MUNICIPALITY,0,20,EX-2022-109536803- -APN-DGDYD#MDTYH,111625117/2022,19/10/22,-34702778,-34.702778,-58307222,-58.307222,"-34.702778, -58.307222","2,617,109.15",0,"339,910.39",06/10/21
Terminación de 40 viviendas mas Infraestructura,OWN HOUSE,NEW HOUSING,IN ACTION,Buenos Aires,Avellaneda,Avellaneda,8,0,8,MUNICIPALITY,10.64,20,EX-2022-67913577- -APN-DGDYD#MDTYH,110344532/2022,14/10/22,-34675503,-34.675503,-58386847,-58.386847,"-34.675503, -58.386847","395,986.54",0,"9,686,179.83",01/12/21
B° General San Martín - Construcción de 476 viviendas,OWN HOUSE,NEW HOUSING,IN ACTION,Buenos Aires,Mercedes,Mercedes,7,0,7,MUNICIPALITY,78.91,66.53,EX-2021-76887629- -APN-DGDYD#MDTYH,93665486/2021,30/09/21,-34672969,-34.672969,-59449844,-59.449844,"-34.672969, -59.449844","409,942.10",0,"130,898.86",06/12/21
Predio Agrelo y Edison - Construcción de 12 viviendas,OWN HOUSE,NEW HOUSING,A INICIAR,Buenos Aires,Avellaneda,Avellaneda,18,0,18,MUNICIPALITY,0,20,EX-2022-120846649- -APN-DGDYD#MDTYH,123275937/2022,15/11/22,-34676225,-34.676225,-58370761,-58.370761,"-34.676225, -58.370761","1,361,863.20",0,"160,446.51",09/02/22
Bº Nuestros Sueños - Construcción de 89 viviendas San Pedro,OWN HOUSE,NEW HOUSING,A INICIAR,Buenos Aires,Avellaneda,Avellaneda,31,0,31,MUNICIPALITY,0,20,EX-2022-113345746- -APN-DGDYD#MDTYH,120953461/2022,09/11/22,-34649933,-34.649933,-58353717,-58.353717,"-34.649933, -58.353717","1,904,437.96",0,0,10/11/21
Construcción de 32 viviendas más equipamiento en espacios comunes,OWN HOUSE,NEW HOUSING,A INICIAR,Buenos Aires,Avellaneda,Avellaneda,39,0,39,MUNICIPALITY,0,20,EX-2022-116512439- -APN-DGDYD#MDTYH,120972420/2022,09/11/22,-34681183,-34.681183,-58345242,-58.345242,"-34.681183, -58.345242","3,445,563.86",0,"176,500.43",06/12/21
B°Santa Ana - Construcción de 32 viviendas más equipamiento,PNASU,LOT WITH SERVICES,IN ACTION,Buenos Aires,Alberti,Alberti,0,52,52,MUNICIPALITY,37.42,42.66,EX-2021-46986041- -APN-DGDYD#MDTYH,54134537/2021,11/06/21,-3504149,-35.04149,-6029022,-60.29022,"-35.04149, -60.29022","556,213.86",0,"295,855.72",02/08/21
B° Villa Ramallo - Terminación de 86 viviendas,OWN HOUSE,NEW HOUSING,A INICIAR,Buenos Aires,Avellaneda,Avellaneda,6,0,6,MUNICIPALITY,0,20,EX-2022-74782579- -APN-DGDYD#MDTYH,120864767/2022,09/11/22,-34670653,-34.670653,-58366853,-58.366853,"-34.670653, -58.366853","354,447.27",0,"72,642.57",08/11/21
Construcción de 38 viviendas en Marcos Paz,OWN HOUSE,NEW HOUSING,A INICIAR,Buenos Aires,Avellaneda,Sarandi,208,0,208,MUNICIPALITY,0,20,EX-2022-122096306- -APN-DGDYD#MDTYH,125826281/2022,22/11/22,-34676044,-34.676044,-58349444,-58.349444,"-34.676044, -58.349444","13,135,064.45",0,"1,882,163.30",22/10/21
Construccion de 80 Viviendas,PNASU,LOT WITH SERVICES,IN ACTION,Buenos Aires,25 De May,25 De May,0,46,46,MUNICIPALITY,97.14,83.87,EX-2020-76550981- -APN-DGDYD#MDTYH,73473169/2021,10/08/21,-3545034,-35.45034,-6017512,-60.17512,"-35.45034, -60.17512","352,871.76",0,"52,880.30",31/08/21
Predio Génova y Agrelo - Terminación de 8 viviendas,OWN HOUSE,NEW HOUSING,A INICIAR,Buenos Aires,Avellaneda,Avellaneda,8,0,8,MUNICIPALITY,0,0,EX-2022-52490149- -APN-DGDYD#MDTYH,130626240/2022,02/12/22,-34674719,-34.674719,-58334944,-58.334944,"-34.674719, -58.334944","496,297.80",0,"4,916,925.09",
2476 Viviendas. PROCREAR I. Estacion Buenos Aires,Procreate II,NEW HOUSING,IN ACTION,Buenos Aires,Avellaneda,Avellaneda,160,0,160,,,,,,,,-34.66414,,-58.37558,"-34.66414, -58.37558",,,"1,819,588.52",01/03/22
B° Azul - Construcción de 43 viviendas,Procreate II,NEW HOUSING,IN ACTION,Buenos Aires,Avellaneda,Avellaneda,30,0,30,,,,,,,,-34.66379,,-58.36641,"-34.66379, -58.36641",,,"4,655,208.62",08/08/22
B° Dorrego - Terminación de 80 Viviendas - Etapa 3,Procreate II,NEW HOUSING,A INICIAR,Buenos Aires,Avellaneda,Avellaneda,128,0,128,,,,,,,,-34.66716,,-58.39767,"-34.66716, -58.39767",,,"5,026,235.65",21/06/22
Predio Cangallo - Construcción de 44 viviendas,Procreate II,NEW HOUSING,A INICIAR,Buenos Aires,Avellaneda,Avellaneda,512,0,512,,,,,,,,-34.69544,,-58.31442,"-34.69544, -58.31442",,,"3,015,631.73",16/06/22
Red de Infraestructura de agua y red de cloacas para 252 viviendas,Procreate II,NEW HOUSING,IN ACTION,Buenos Aires,Avellaneda,Gerli,84,0,84,,,,,,,,-34.68023,,-58.38476,"-34.68023, -58.38476",,,"2,849,629.89",02/05/22
B° Unamuno - Construcción de 24 mejoramientos modulares para el hábitat barrial,Procreate II,NEW HOUSING,IN ACTION,Buenos Aires,Avellaneda,Avellaneda,709,0,709,,,,,,,,-34.67345,,-34.67345,"-34.67345, -58.37294",,,"10,004,433.55",19/11/21
Predio Maciel II - Construcción de 36 viviendas - Etapa II,Procreate II,NEW HOUSING,IN ACTION,Buenos Aires,Berazategui,Berazategui,1403,0,1403,,,,,,,,-34.7739,,-58.17876,"-34.7739, -58.17876",,,"7,153,062.94",02/05/22
207 Viviendas PROCREAR Baradero,PNASU,LOT WITH SERVICES,IN ACTION,Buenos Aires,Adolfo Alsina,Carhue,0,80,80,MUNICIPALITY,93.88,91.89,EX-2021-10021593- -APN-DGDYD#MDTYH,94997254/2021,21/09/21,-3716982,-37.16982,-6276218,-62.76218,"-37.16982, -62.76218","420,775.04",0,"26,685.78",01/11/21
B° Miguel Cané - Terminación de 81 Viviendas mas Infraestructura,Procreate i,NEW HOUSING,IN ACTION,CABA,CABA,ESTACION BS.AS,2476,0,2476,,,,,,,,,,,"-34.644231, -58.392926",,,"11,102,288.89",
B° Phillips - 57 lotes,REBUILD,HOUSING TERMINATION,IN ACTION,Buenos Aires,Coronel Pringles,Coronel Pringles,20,0,20,MUNICIPALITY,40.41,29.86,EX-2021-57066724- -APN-DGDYD#MDTYH,115750889/2021,26/11/21,-38328414,-38.328414,-60882381,-60.882381,"-38.328414, -60.882381","599,578.58",0,"395,812.41",14/01/22
B° Di Harce - Construcción de 98 viviendas - Manzana 3,REBUILD,HOUSING TERMINATION,IN ACTION,Buenos Aires,Coronel Pringles,Coronel Pringles,71,0,71,MUNICIPALITY,55.07,46.5,EX-2021-57063815- -APN-DGDYD#MDTYH,115130683/2021,26/11/21,-37974508,-37.974508,-61368903,-61.368903,"-37.974508, -61.368903","1,843,714.71",0,"870,176.73",14/01/22
Predio 62 Lotes Parque Muñoz,Procreate i,NEW HOUSING,IN ACTION,CABA,CABA,ESTACION SAENZ,711,0,711,,,,,,,,,,,"-34.644231, -58.392925",,,"1,691,683.58",16/06/22
Predio Alianza - Terminación de 154 Viviendas - Etapa 1,OWN HOUSE,NEW HOUSING,IN ACTION,Buenos Aires,Punta Indio,Veronica,58,0,58,MUNICIPALITY,2.76,20,EX-2021-62296375- -APN-DGDYD#MDTYH,115129298/2021,26/11/21,-35378592,-35.378592,-57348706,-57.348706,"-35.378592, -57.348706","2,942,688.31",0,"2,354,150.65",
678 Viviendas PROCREAR Malvinas Argentinas (B° San Antonio),OWN HOUSE,NEW HOUSING,A INICIAR,CABA,CABA,BARRACAS,187,0,187,IVC,0,"7,14",EX-2021-84779741- -APN-DGDYD#MDTYH,96468271/2022,,-34.648344,,-58.400572,,"-34.648344, -58.400572","11.964.386,81",0,"910,763.54",01/02/22
B° La Maquinita - Terminación de infraestructura para 88 viviendas,OWN HOUSE,NEW HOUSING,A INICIAR,CABA,CABA,BARRACAS,188,0,188,IVC,0,"7,14",EX-2021-84789393- -APN-DGDYD#MDTYH,96466724/2022,,-34.648344,,-58.400572,,"-34.648344, -58.400572","14.212.478,82",0,0,01/02/22
B° Zabaleta - Construcción de 187 viviendas - Sector I,Own House - Delivery Community,NEW HOUSING,IN ACTION,Buenos Aires,Castelli,Castelli,12,0,12,MUNICIPALITY,23.57,30.61,EX-2021-89216967- -APN-DGDYD#MDTYH,115099608/2021,24/11/21,-36064475,-36.064475,-57798206,-57.798206,"-36.064475, -57.798206","753,160.09",0,"493,055.40",01/06/22
Terminación de 7 viviendas en San Bernardo de Pehuajó/Guanaco,OWN HOUSE,NEW HOUSING,IN ACTION,Buenos Aires,General Pinto,General Pinto,108,0,108,MUNICIPALITY,54.02,37.81,EX-2021-53551950- -APN-DGDYD#MDTYH,119619889/2021,07/12/21,-34755778,-34.755778,-61889214,-61.889214,"-34.755778, -61.889214","6,489,850.25",0,"3,822,327.10",22/03/22
"B° Lindo - Construcción de 64 viviendas Mz 22, 23 y 16",Procreate II,NEW HOUSING,A INICIAR,CABA,CABA,CABA,252,0,252,,,,,,,,-34.64653,,-58.39766,"-34.64653, -58.39766",,,"3,731,614.24",03/01/22
B° Santa Marta - Infraestructura para 84 viviendas - Etapa III y IV,OWN HOUSE,NEW HOUSING,A INICIAR,Buenos Aires,Campana,Campana,6,0,6,ENTIDAD,0,0,EX-2022-35748756- -APN-DGDYD#MDTYH,125915987/2022,17/11/22,-34224019,-34.224019,-58899372,-58.899372,"-34.224019, -58.899372","388,777.53",0,"6,619,979.04",14/02/22
Predio Defensa - Terminación de 16 Viviendas,PNASU,LOT WITH SERVICES,IN ACTION,Buenos Aires,Ensenada,Ensenada,0,476,476,MUNICIPALITY,77.01,68.6,EX-2020-89876005- -APN-DGDYD#MDTYH,91496393/2020,29/12/20,-348401,-34.8401,-57949148,-57.949148,"-34.8401, -57.949148","5,325,879.52",0,"2,685,730.55",08/06/22
B° Almafuerte - Construcción de 100 viviendas,OWN HOUSE,NEW HOUSING,IN ACTION,Buenos Aires,Mercedes,Mercedes,52,0,52,MUNICIPALITY,28.42,26.99,EX-2021-111668952- -APN-DGDYD#MDTYH,121637844/2021,14/12/21,-34663175,-34.663175,-59461678,-59.461678,"-34.663175, -59.461678","3,139,199.03",0,"2,246,957.05",01/02/22
B° Manuel Dorrego - Terminación de 80 viviendas - Etapa 2,OWN HOUSE,NEW HOUSING,IN ACTION,Buenos Aires,Mercedes,Mercedes,64,0,64,MUNICIPALITY,29.97,28.47,EX-2021-111668407- -APN-DGDYD#MDTYH,121324747/2021,14/12/21,-34664425,-34.664425,-59463586,-59.463586,"-34.664425, -59.463586","3,860,865.55",0,"2,703,764.15",01/02/22
Predio 83 Lotes,Own House - Caritas,NEW HOUSING,IN ACTION,Buenos Aires,Lincoln,Lincoln,25,0,25,ENTIDAD,98.18,80.66,EX-2021-99794301- -APN-DGDYD#MDTYH,120841497/2021,13/12/21,-34881994,-34.881994,-61525997,-61.525997,"-34.881994, -61.525997","1,501,997.26",0,"242,650.20",12/01/22
B° Miguel Cané - Construcción de 322 viviendas,REBUILD,HOUSING TERMINATION,FINISHED,Buenos Aires,Ensenada,Ensenada,224,0,224,MUNICIPALITY,100,100,EX-2021-34305011- -APN-DGDYD#MDTYH,42214703/2021,12/05/21,-34859222,-34.859222,-57921722,-57.921722,"-34.859222, -57.921722","5,468,757.83",0,"3,079,926.15",14/02/22
478 Viviendas PROCREAR General Rodríguez,Own House - Active House,NEW HOUSING,IN ACTION,Buenos Aires,Ensenada,Ensenada,32,0,32,MUNICIPALITY,37.93,41.07,EX-2021-56141949- -APN-DGDYD#MDTYH,75165466/2021,17/08/21,-34859472,-34.859472,-57920583,-57.920583,"-34.859472, -57.920583","1,724,639.03",0,"2,978,890.21",
30 Viviendas PROCREAR Avellaneda (Av Belgrano),Own House - Active House,COMPLEMENTARY CONSTRUCTION,A INICIAR,Buenos Aires,Ensenada,Ensenada,0,0,0,MUNICIPALITY,0,40,EX-2021-56141949- -APN-DGDYD#MDTYH,75162613/2021,17/08/21,-34859472,-34.859472,-57920583,-57.920583,"-34.859472, -57.920583",0,0,"4,732,196.03",
Construcción de 25 viviendas más infraestructura en Lincoln,OWN HOUSE,NEW HOUSING,IN ACTION,Buenos Aires,Ensenada,Ensenada,476,0,476,MUNICIPALITY,37.41,24.51,EX-2021-32462029- -APN-DGDYD#MDTYH,81323647/2021,31/08/21,-34840346,-34.840346,-57948878,-57.948878,"-34.840346, -57.948878","26,190,607.55",0,"618,200.12",03/01/22
114 viviendas PROCREAR Florencio Varela,OWN HOUSE,NEW HOUSING,IN ACTION,Buenos Aires,Ensenada,Ensenada,32,0,32,MUNICIPALITY,35.97,31.03,EX-2021-109001020- -APN-DGDYD#MDTYH,43155062/2022,02/05/22,-34863075,-34.863075,-57920836,-57.920836,"-34.863075, -57.920836","1,930,557.76",0,"67,186.60",03/01/22
B° Padre Mujica - Terminación de 300 viviendas,OWN HOUSE,NEW HOUSING,IN ACTION,Buenos Aires,Ensenada,Punta Lara,62,0,62,MUNICIPALITY,11.5,20.82,EX-2021-108976581- -APN-DGDYD#MDTYH,43154344/2022,02/05/22,-34818203,-34.818203,-57974207,-57.974207,"-34.818203, -57.974207","3,740,608.97",0,"470,983.33",28/03/22
Predio 277 Lotes- ExCriave,Own House - Active House,NEW HOUSING,IN ACTION,Buenos Aires,Escobar,Belen De Escobar,32,0,32,MUNICIPALITY,57.11,47.12,EX-2021-61291196- -APN-DGDYD#MDTYH,90293657/2021,13/09/21,-34367644,-34.367644,-58768575,-58.768575,"-34.367644, -58.768575","1,658,004.21",0,"1,135,308.50",08/03/22
B° La Calera y Ricardo Balbín - Terminación de 71 viviendas más infraestructura,Own House - Active House,COMPLEMENTARY CONSTRUCTION,IN ACTION,Buenos Aires,Escobar,Belen De Escobar,0,0,0,MUNICIPALITY,54.99,80,EX-2021-61291196- -APN-DGDYD#MDTYH,90291454/2021,13/09/21,-34367644,-34.367644,-58768575,-58.768575,"-34.367644, -58.768575",0,0,0,08/03/22
Predio Suipacha - Construcción de 12 viviendas,REBUILD,HOUSING TERMINATION,IN ACTION,Buenos Aires,Villa Gesell,Villa Gesell,72,0,72,MUNICIPALITY,62.56,51.12,EX-2021-63336317- -APN-DGDYD#MDTYH,3934926/2022,13/01/22,-37255925,-37.255925,-56992386,-56.992386,"-37.255925, -56.992386","2,545,865.40",0,"1,116,913.58",06/04/22
B° Santa Marta - Terminación de 30 viviendas,OWN HOUSE,NEW HOUSING,IN ACTION,Buenos Aires,Escobar,Belen De Escobar,57,0,57,MUNICIPALITY,97.05,87.87,EX-2021-61290124- -APN-DGDYD#MDTYH,91851600/2021,28/09/21,-34333265,-34.333265,-58815938,-58.815938,"-34.333265, -58.815938","2,949,868.98",0,"390,878.83",07/02/22
B° Montecarlo - 240 viviendas e infraestructura,OWN HOUSE,NEW HOUSING,IN ACTION,Buenos Aires,General Paz,Ranchos,38,0,38,MUNICIPALITY,76.21,54.05,EX-2021-81454218- -APN-DGDYD#MDTYH,8427234/2022,27/01/22,-35502667,-35.502667,-58316644,-58.316644,"-35.502667, -58.316644","2,069,325.77",0,"875,738.68",07/02/22
Construcción de 84 viviendas en Tierras Altas - Mza D,PNASU,LOT WITH SERVICES,IN ACTION,Buenos Aires,Escobar,Belen De Escobar,0,57,57,MUNICIPALITY,20.59,15,EX-2020-78621006- -APN-DGDYD#MDTYH,55502717/2022,02/06/22,-3433603,-34.33603,-5881302,-58.81302,"-34.33603, -58.81302","459,969.86",0,"1,280,627.02",21/03/22
Construcción de 20 viviendas en Onazam y Paraná,REBUILD,HOUSING TERMINATION,FINISHED,Buenos Aires,Esteban Echeverria,Monte Grande,240,0,240,MUNICIPALITY,99.52,99.42,EX-2021-37109275- -APN-DGDYD#MDTYH,47011596/2021,26/05/21,-34847769,-34.847769,-58476358,-58.476358,"-34.847769, -58.476358","6,230,706.81",0,0,21/03/22
B° Santos Vega - Terminación de 77 Viviendas,PNASU,LOT WITH SERVICES,IN ACTION,Buenos Aires,San Carlos De Bolivar,San Carlos De Bolivar,0,154,154,MUNICIPALITY,47.65,41.4,EX-2020-83877957- -APN-DGDYD#MDTYH,109014004/2021,09/11/21,-3621548,-36.21548,-6112218,-61.12218,"-36.21548, -61.12218","1,490,040.51",0,"827,596.31",18/01/22
B° Esperanza - Predio 205 lotes,REBUILD,HOUSING TERMINATION,IN ACTION,Buenos Aires,La Costa,Las Toninas,41,0,41,MUNICIPALITY,13.85,26.18,EX-2022-02102731- -APN-DGDYD#MDTYH,3929122/2022,12/01/22,-36507053,-36.507053,-56713058,-56.713058,"-36.507053, -56.713058","2,403,287.28",0,"1,774,202.80",11/07/22
B° Morse - Construcción de 52 viviendas,OWN HOUSE,NEW HOUSING,IN ACTION,Buenos Aires,Mar Chiquita,General Piran,24,0,24,MUNICIPALITY,33.64,32.63,EX-2021-91929903- -APN-DGDYD#MDTYH,6590745/2022,21/01/22,-37271840,-37.271840,-57773920,-57.773920,"-37.271840, -57.773920","1,443,234.22",0,"956,256.11",18/04/22
Construcción de 4 viviendas en Mercedes,OWN HOUSE,NEW HOUSING,IN ACTION,Buenos Aires,Mar Chiquita,Vivorata,26,0,26,MUNICIPALITY,10.13,14.74,EX-2021-91927963- -APN-DGDYD#MDTYH,6590129/2022,21/01/22,-37672186,-37.672186,-57673025,-57.673025,"-37.672186, -57.673025","1,563,503.74",0,"1,333,030.26",08/08/22
512 Viviendas PROCREAR Avellaneda (Wilde),OWN HOUSE,NEW HOUSING,IN ACTION,Buenos Aires,Alberti,Alberti,52,0,52,MUNICIPALITY,48.93,28.21,EX-2022-19613375- -APN-DGDYD#MDTYH,12717540/2022,09/02/22,-35041394,-35.041394,-60290353,-60.290353,"-35.041394, -60.290353","3,120,017.59",0,"1,980,165.52",14/03/22
B° Calabria - Construcción de 52 Viviendas - Sector 2,REBUILD,HOUSING TERMINATION,IN ACTION,Buenos Aires,Esteban Echeverria,Monte Grande,308,0,308,MUNICIPALITY,69.68,59.67,EX-2021-96076280- -APN-DGDYD#MDTYH,121324137/2021,14/12/21,-34862969,-34.862969,-58451583,-58.451583,"-34.862969, -58.451583","18,215,343.94",0,"2,758,207.02",04/07/22
B° Fortunato de la Plaza - Construcción de 64 viviendas,OWN HOUSE,NEW HOUSING,IN ACTION,Buenos Aires,Mar Chiquita,Coronel Vidal,72,0,72,MUNICIPALITY,2.52,9.76,EX-2021-90745347- -APN-DGDYD#MDTYH,14653803/2022,15/02/22,-37450856,-37.450856,-57740592,-57.740592,"-37.450856, -57.740592","4,338,197.83",0,"3,914,645.11",08/08/22
B° Di Harce - Construcción de 98 viviendas - Manzana 2,REBUILD,INFRAESTRUCTURA,IN ACTION,Buenos Aires,Esteban Echeverria,Monte Grande,0,0,0,MUNICIPALITY,78.87,69.01,EX-2021-105189456- -APN-DGDYD#MDTYH,126952882/2021,29/12/21,-34862969,-34.862969,-58451606,-58.451606,"-34.862969, -58.451606","11,479,879.58",0,"759,401.73",01/04/22
Construcción de 32 viviendas más equipamiento en espacios comunes en Villa Tesei,OWN HOUSE,NEW HOUSING,IN ACTION,Buenos Aires,Guamini,Guamini,50,0,50,MUNICIPALITY,51.42,31.6,EX-2021-74918888- -APN-DGDYD#MDTYH,12716623/2022,09/02/22,-36761906,-36.761906,-62512000,-62.512000,"-36.761906, -62.512000","3,018,282.01",0,"1,996,792.70",04/04/22
Construcción de 6 viviendas en Parque Nacional Ciervo de los Pantanos,PNASU,LOT WITH SERVICES,A INICIAR,Buenos Aires,Esteban Echeverria,Monte Grande,0,176,176,MUNICIPALITY,0,100,EX-2020-89752225- -APN-DGDYD#MDTYH,96125739/2022,12/09/22,,,,,", ","1,160,816.45",0,"5,826,011.19",18/04/22
B° Favarolo II - Construcción de 7 viviendas,PNASU,LOT WITH SERVICES,IN ACTION,Buenos Aires,Exaltacion de La Cruz,Capilla Del Señor,0,205,205,MUNICIPALITY,47.14,39.28,EX-2020-76955955- -APN-DGDYD#MDTYH,89311750/2020,17/12/20,-34318057,-34.318057,-59082609,-59.082609,"-34.318057, -59.082609","1,884,466.37",0,"5,781,383.54",18/04/22
Construcción de 32 viviendas y equipamiento en espacios comunes,OWN HOUSE,NEW HOUSING,IN ACTION,Buenos Aires,Tres Lomas,Tres Lomas,50,0,50,MUNICIPALITY,14.96,9.03,EX-2021-66380672- -APN-DGDYD#MDTYH,13124171/2022,10/02/22,-36454733,-36.454733,-62846389,-62.846389,"-36.454733, -62.846389","2,898,377.52",0,"2,619,719.52",18/04/22
B° Villa Azul - Construcción de 8 viviendas,REBUILD,HOUSING TERMINATION,IN ACTION,Buenos Aires,Ezeiza,Canning,252,0,252,MUNICIPALITY,96.34,90.07,EX-2021-92379002- -APN-DGDYD#MDTYH,94902140/2021,05/10/21,-34889797,-34.889797,-58525397,-58.525397,"-34.889797, -58.525397","8,261,437.70",0,"214,713.97",04/04/22
Construcción de 108 viviendas en General Pinto,OWN HOUSE,NEW HOUSING,IN ACTION,Buenos Aires,Mar Chiquita,Playa Dorada,15,0,15,MUNICIPALITY,29.67,29.63,EX-2021-91928443- -APN-DGDYD#MDTYH,18794433/2022,24/02/22,-37877500,-37.877500,-57518242,-57.518242,"-37.877500, -57.518242","902,021.39",0,"611,160.09",16/05/22
Construcción de 6 viviendas en Predio Arenales,REBUILD,HOUSING TERMINATION,IN ACTION,Buenos Aires,Salto,Salto,8,0,8,MUNICIPALITY,42.07,35.65,EX-2021-63022321- -APN-DGDYD#MDTYH,21730435/2022,08/03/22,-34294522,-34.294522,-60227886,-60.227886,"-34.294522, -60.227886","366,970.80",0,"216,013.69",12/04/22
Predio Esperanza - Construcción de 16 viviendas,Own House - Delivery Community,NEW HOUSING,IN ACTION,Buenos Aires,Mercedes,Mercedes,4,0,4,MUNICIPALITY,11.97,20,EX-2021-103713183- -APN-DGDYD#MDTYH,24023356/2022,11/03/22,-34727878,-34.727878,-59351156,-59.351156,"-34.727878, -59.351156","229,577.91",0,"183,662.33",01/10/22
B° El Juancito - Construcción de 20 mejoramientos modulares,REBUILD,INFRAESTRUCTURA,A INICIAR,Buenos Aires,Ezeiza,Jose Maria Ezeiza,0,0,0,MUNICIPALITY,0,0,EX-2022-114110277- -APN-DGDYD#MDTYH,131109191/2022,02/12/22,-34889917,-34.889917,-58525933,-58.525933,"-34.889917, -58.525933","826,464.16",0,"1,546,204.53",04/04/22
534 Viviendas PROCREAR Morón (Palomar),OWN HOUSE,NEW HOUSING,IN ACTION,Buenos Aires,Pehuajo,Pehuajo,41,0,41,MUNICIPALITY,30.6,39.28,EX-2021-57500951- -APN-DGDYD#MDTYH,26795683/2022,18/03/22,-35823717,-35.823717,-61883231,-61.883231,"-35.823717, -61.883231","2,525,702.03",0,"1,458,647.61",02/05/22
Construcción de 31 viviendas en Castelli,OWN HOUSE,NEW HOUSING,IN ACTION,Buenos Aires,Castelli,Castelli,31,0,31,MUNICIPALITY,40.86,42.63,EX-2022-06464506- -APN-DGDYD#MDTYH,29856890/2022,29/03/22,-36096786,-36.096786,-57800658,-57.800658,"-36.096786, -57.800658","1,388,404.39",0,"777,617.53",02/05/22
Predio 102 Lotes,REBUILD,INFRAESTRUCTURA,A INICIAR,Buenos Aires,Ezeiza,Jose Maria Ezeiza,0,0,0,MUNICIPALITY,0,0,EX-2022-114108996- -APN-DGDYD#MDTYH,131107972/2022,02/12/22,-34889918,-34.889918,-58525934,-58.525934,"-34.889918, -58.525934","500,245.20",0,"3,776,918.54",18/04/22
Construcción de 32 viviendas más equipamiento en espacios comunes,REBUILD,INFRAESTRUCTURA,A INICIAR,Buenos Aires,Ezeiza,Jose Maria Ezeiza,0,0,0,MUNICIPALITY,0,0,EX-2022-114110846- -APN-DGDYD#MDTYH,131101261/2022,02/12/22,-34889919,-34.889919,-58525935,-58.525935,"-34.889919, -58.525935","723,154.73",0,"12,227,614.83",02/05/22
Predio Villa Vagón - Construcción de 98 viviendas,OWN HOUSE,NEW HOUSING,IN ACTION,Buenos Aires,Salto,Salto,24,0,24,MUNICIPALITY,40.27,39.81,EX-2022-26697573- -APN-DGDYD#MDTYH,35006287/2022,11/04/22,-34292869,-34.292869,-60233819,-60.233819,"-34.292869, -60.233819","1,343,835.57",0,"741,732.72",10/05/22
Terminación de 40 Viviendas en la Localidad de Carmen de Areco,REBUILD,INFRAESTRUCTURA,A INICIAR,Buenos Aires,Ezeiza,Jose Maria Ezeiza,0,0,0,MUNICIPALITY,0,0,EX-2022-114108139- -APN-DGDYD#MDTYH,131104899/2022,02/12/22,-34889917,-34.889917,-58525933,-58.525933,"-34.889917, -58.525933","95,565.09",0,0,14/03/22
Construcción de 50 viviendas en Pila,Procreate i,NEW HOUSING,FINALIZADO,Buenos Aires,EZEIZA,EZEIZA,404,0,404,,100,,,,,,,,,"-34.794500, -58.520944",,,"1,253,518.12",04/07/22
B°La Cárcova - Terminación de 208 viviendas más infraestructura,Procreate II,NEW HOUSING,IN ACTION,Buenos Aires,Florencio Varela,Florencio Varela,114,0,114,,,,,,,,-34.81352,,-58.25105,"-34.81352, -58.25105",,,"10,630,474.09",02/06/22
Construcción de 33 viviendas más equipamiento,OWN HOUSE,NEW HOUSING,IN ACTION,Buenos Aires,Pehuajó,Pehuajo,50,0,50,MUNICIPALITY,5.84,20.27,EX-2021-42067486- -APN-DGDYD#MDTYH,44606998/2022,05/05/22,-35821467,-35.821467,-61880313,-61.880313,"-35.821467, -61.880313","3,121,228.83",0,"2,488,493.32",01/08/22
Construcción de 30 viviendas en General Guido,Procreate II,NEW HOUSING,IN ACTION,Buenos Aires,General Rodriguez,General Rodriguez,478,,478,,,,,,,,-34.61951,,-58.95571,"-34.61951, -58.95571",,,"2,805,150.71",01/08/22
B° ACUBA - Terminación de 161 viviendas mas infraestructura,Procreate i,NEW HOUSING,FINALIZADO,Buenos Aires,General San Martín,General San Martín,335,0,335,,100,,,,,,,,,"-34.567778, -58.588500",,,"2,114,552.53",01/09/22
Urbanización Proyecto 720 lotes,Own House - Active House,NEW HOUSING,IN ACTION,Buenos Aires,Hurlingham,Hurlingham,32,0,32,MUNICIPALITY,29.23,26.7,EX-2021-109283394- -APN-DGDYD#MDTYH,9810071/2022,01/02/22,-34620272,-34.620272,-58654319,-58.654319,"-34.620272, -58.654319","1,780,647.03",0,"1,267,898.76",04/07/22
Construcción de Centro de Día más Pileta en Escobar,Own House - Active House,COMPLEMENTARY CONSTRUCTION,IN ACTION,Buenos Aires,Hurlingham,Hurlingham,0,0,0,MUNICIPALITY,21.5,40,EX-2021-109283394- -APN-DGDYD#MDTYH,9809419/2022,01/02/22,-34619961,-34.619961,-58653947,-58.653947,"-34.619961, -58.653947",0,0,0,04/07/22
B° Azul - Construcción de 30 viviendas,REBUILD,HOUSING TERMINATION,IN ACTION,Buenos Aires,La Matanza,La Tablada,112,0,112,MUNICIPALITY,53.76,52.99,EX-2021-41344714- -APN-DGDYD#MDTYH,55622349/2021,18/06/21,-34676381,-34.676381,-58524592,-58.524592,"-34.676381, -58.524592","7,883,043.92",0,"15,004,945.00",05/09/22
B° Dipietri - Construcción de 84 viviendas,OWN HOUSE,NEW HOUSING,IN ACTION,Buenos Aires,Guamini,Guamini,24,0,24,MUNICIPALITY,30.04,28.02,EX-2022-11696221- -APN-DGDYD#MDTYH,54472339/2022,31/05/22,-36558161,-36.558161,-62599903,-62.599903,"-36.558161, -62.599903","1,435,953.21",0,"978,989.66",01/08/22
Predio 284 lotes - Ex: 60553-018,OWN HOUSE,NEW HOUSING,IN ACTION,Buenos Aires,Bolivar,San Carlos De Bolivar,23,0,23,MUNICIPALITY,58.46,51.51,EX-2021-78678747- -APN-DGDYD#MDTYH,55550225/2022,02/06/22,-36223525,-36.223525,-61096375,-61.096375,"-36.223525, -61.096375","1,142,114.52",0,"510,868.75",01/07/22
B° Calabria - Construcción de 50 viviendas - Sector 3,OWN HOUSE,NEW HOUSING,IN ACTION,Buenos Aires,La Matanza,San Justo,100,0,100,MUNICIPALITY,14.4,13.59,EX-2021-99237092- -APN-DGDYD#MDTYH,112176086/2021,16/11/21,-34697344,-34.697344,-58548547,-58.548547,"-34.697344, -58.548547","5,981,418.30",0,"832,134.19",11/07/22
B° Las Antenas - Construcción de 50 viviendas,OWN HOUSE,NEW HOUSING,IN ACTION,Buenos Aires,La Matanza,La Tablada,50,0,50,MUNICIPALITY,7.56,8.33,EX-2021-99220454- -APN-DGDYD#MDTYH,112175354/2021,16/11/21,-34674828,-34.674828,-58522331,-58.522331,"-34.674828, -58.522331","3,289,780.07",0,0,11/07/22
B° Lindo - Terminación de 56 Viviendas y Obras complementarias Mz 18-21,PNASU,LOT WITH SERVICES,IN ACTION,Buenos Aires,Monte Hermoso,Monte Hermoso,0,284,284,MUNICIPALITY,8.86,10.76,EX-2021-41802984- -APN-DGDYD#MDTYH,43333967/2022,20/04/22,-3897658,-38.97658,-6132069,-61.32069,"-38.97658, -61.32069","3,079,091.81",0,"2,672,004.55",
Predio Maciel II - Construcción de 11 viviendas - Etapa 1,OWN HOUSE,NEW HOUSING,IN ACTION,Buenos Aires,La Matanza,Lomas del Mirador,50,0,50,MUNICIPALITY,11.47,13.75,EX-2021-99254078- -APN-DGDYD#MDTYH,112174624/2021,16/11/21,-34671303,-34.671303,-58539086,-58.539086,"-34.671303, -58.539086","3,364,547.80",0,"5,859,156.92",
Villa Azul - 38 Viviendas,REBUILD,HOUSING TERMINATION,IN ACTION,Buenos Aires,La Matanza,Lomas Del Mirador,77,0,77,MUNICIPALITY,16.87,17.21,EX-2021-114611146- -APN-DGDYD#MDTYH,123311723/2021,17/12/21,-34670456,-34.670456,-58540036,-58.540036,"-34.670456, -58.540036","3,368,109.54",0,"1,421,323.10",12/09/22
B° Unamuno - Construcción de 26 mejoramientos modulares para el hábitat barrial,Procreate II,NEW HOUSING,A INICIAR,Buenos Aires,La Matanza,Gregorio Laferrere,2406,0,2406,,,,,,,,-34.7346,,-58.59946,"-34.7346, -58.59946",,,"285,896.61",04/07/22
B° Lindo - Terminación de 48 Viviendas Mz 6 y 10,REBUILD,HOUSING TERMINATION,IN ACTION,Buenos Aires,Lanus,Lanus Oeste,161,0,161,MUNICIPALITY,85.79,86.06,EX-2021-35152243- -APN-DGDYD#MDTYH,86063214/2021,13/09/21,-34692203,-34.692203,-58440164,-58.440164,"-34.692203, -58.440164","754,441.50",0,"184,438.48",02/08/22
B° San Sebastián ll - Construcción de 264 viviendas,REBUILD,HOUSING TERMINATION,IN ACTION,Buenos Aires,General San Martín,Villa Jose Leon Suarez,208,0,208,MUNICIPALITY,12.17,26.82,EX-2022-56874702- -APN-DGDYD#MDTYH,60078193/2022,14/06/22,-34517161,-34.517161,-58586458,-58.586458,"-34.517161, -58.586458","11,361,404.51",0,"8,314,379.16",09/08/22
Terminación de 100 Viviendas mas Infraestructura,REBUILD,HOUSING TERMINATION,IN ACTION,Buenos Aires,Pehuajó,Pehuajo,24,0,24,MUNICIPALITY,7,20.2,EX-2021-116028474- -APN-DGDYD#MDTYH,59614980/2022,13/06/22,-35824986,-35.824986,-61882753,-61.882753,"-35.824986, -61.882753","988,598.18",0,"735,513.04",01/08/22
Construcción de 17 viviendas en Santa Coloma,REBUILD,HOUSING TERMINATION,IN ACTION,Buenos Aires,Lanus,Lanus Oeste,121,0,121,MUNICIPALITY,79.86,78.75,EX-2021-37018464- -APN-DGDYD#MDTYH,81321807/2021,31/08/21,-34677875,-34.677875,-58435583,-58.435583,"-34.677875, -58.435583","1,511,221.16",0,"622,832.35",01/10/22
Construcción de 58 Viviendas en Verónica,OWN HOUSE,NEW HOUSING,IN ACTION,Buenos Aires,San Pedro,San Pedro,25,0,25,MUNICIPALITY,16.68,20,EX-2022-11697090- -APN-DGDYD#MDTYH,71736572/2022,12/07/22,-33766569,-33.766569,-59641675,-59.641675,"-33.766569, -59.641675","1,404,409.69",0,"1,123,527.75",01/09/22
Predio Tranquila II - Construcción de 14 viviendas,REBUILD,HOUSING TERMINATION,IN ACTION,Buenos Aires,Chivilcoy,Chivilcoy,24,0,24,MUNICIPALITY,5.51,20,EX-2022-48159806- -APN-DGDYD#MDTYH,73570767/2022,15/07/22,-34911356,-34.911356,-60038261,-60.038261,"-34.911356, -60.038261","1,266,444.56",0,"1,013,155.65",01/11/22
Ejecución de 20 Viviendas en el MUNICIPALITY de Laprida,REBUILD,HOUSING TERMINATION,IN ACTION,Buenos Aires,Chivilcoy,Chivilcoy,46,0,46,MUNICIPALITY,2.08,20,EX-2022-48191491- -APN-DGDYD#MDTYH,73572558/2022,15/07/22,-34904819,-34.904819,-59997311,-59.997311,"-34.904819, -59.997311","1,882,171.40",0,"1,505,737.12",01/11/22
84 Viviendas PROCREAR Avellaneda (Gerli),REBUILD,INFRAESTRUCTURA,IN ACTION,Buenos Aires,Lanus,Gerli,0,0,0,MUNICIPALITY,23.83,20,EX-2022-65690997- -APN-DGDYD#MDTYH,83515505/2022,10/08/22,-34705908,-34.705908,-58371181,-58.371181,"-34.705908, -58.371181","568,496.94",0,"12,540.96",13/09/21
B° Cina Cina - Terminación de 212 viviendas más infraestructura,REBUILD,HOUSING TERMINATION,IN ACTION,Buenos Aires,Lanus,Remedios Escalada De San Martin,4,0,4,MUNICIPALITY,44.88,31.51,EX-2022-65697706- -APN-DGDYD#MDTYH,89758895/2022,26/08/22,-34720806,-34.720806,-58403111,-58.403111,"-34.720806, -58.403111","117,404.86",0,"5,382,680.60",
Construcción de 20 viviendas en Labardén,OWN HOUSE,MEJORAMIENTO,IN ACTION,Buenos Aires,Lomas de Zamora,Lomas de Zamora,24,0,24,MUNICIPALITY,95.47,79.87,EX-2021-82612123- -APN-DGDYD#MDTYH,97496706/2021,13/10/21,-34697297,-34.697297,-58443478,-58.443478,"-34.697297, -58.443478","934,856.11",0,"2,909,940.86",
Construcción de 18 viviendas en Predio Larralde II,OWN HOUSE,NEW HOUSING,IN ACTION,Buenos Aires,Mercedes,Mercedes,50,0,50,MUNICIPALITY,4.92,2.82,EX-2022-46924209- -APN-DGDYD#MDTYH,87473810/2022,22/08/22,-34664344,-34.664344,-59461611,-59.461611,"-34.664344, -59.461611","2,752,220.80",0,"2,674,608.17",01/09/22
25 mejoramientos modulares para el hábitat barrial,OWN HOUSE,NEW HOUSING,IN ACTION,Buenos Aires,Lomas de Zamora,Lomas De Zamora,225,0,225,MUNICIPALITY,30.57,18.92,EX-2021-33857030- -APN-DGDYD#MDTYH,112185469/2021,16/11/21,-34695008,-34.695008,-58448906,-58.448906,"-34.695008, -58.448906","13,115,408.45",0,"1,148,964.84",
Predio Saladita IV - Construcción de 20 viviendas,PNASU,LOT WITH SERVICES,A INICIAR,Buenos Aires,Lomas de Zamora,Lomas De Zamora,0,338,338,MUNICIPALITY,0,100,EX-2021-31006137- -APN-DGDYD#MDTYH,56204849/2021,23/06/21,-3470065,-34.70065,-5844882,-58.44882,"-34.70065, -58.44882","11,609,324.00",0,"454,797.55",13/09/22
B° Indio Rico - Terminación de 20 viviendas más infraestructura,OWN HOUSE,NEW HOUSING,IN ACTION,Buenos Aires,Lomas de Zamora,Lomas De Zamora,264,0,264,MUNICIPALITY,8.78,23.28,EX-2021-45392130- -APN-DGDYD#MDTYH,32630783/2022,04/04/22,-34753494,-34.753494,-58461294,-58.461294,"-34.753494, -58.461294","15,937,975.53",0,"1,130,321.33",01/09/22
Construccion de 335 viviendas en San Martin - Procrear I,OWN HOUSE,NEW HOUSING,IN ACTION,Buenos Aires,Lomas de Zamora,Lomas De Zamora,243,0,243,MUNICIPALITY,7.11,16.98,EX-2021-114935648- -APN-DGDYD#MDTYH,43153552/2022,02/05/22,-34702111,-34.702111,-58447889,-58.447889,"-34.702111, -58.447889","13,575,901.73",0,"1,087,454.95",01/09/22
Predio 174 lotes,OWN HOUSE,MEJORAMIENTO,A INICIAR,Buenos Aires,Lomas de Zamora,Villa Fiorito,24,0,24,MUNICIPALITY,0,0,EX-2022-112290056- -APN-DGDYD#MDTYH,122074774/2022,11/11/22,-34695239,-34.695239,-58444925,-58.444925,"-34.695239, -58.444925","880,703.53",0,"1,638,115.34",
Terminación de 9 Viviendas en Predio CAEM,OWN HOUSE,NEW HOUSING,A INICIAR,Buenos Aires,General Guido,General Guido,30,0,30,MUNICIPALITY,0,20,EX-2022-14486386- -APN-DGDYD#MDTYH,92043204/2022,01/09/22,-36651061,-36.651061,-57792856,-57.792856,"-36.651061, -57.792856","1,567,227.59",0,"1,253,782.07",
2406 Viviendas PROCREAR Gregorio Laferrere,OWN HOUSE,NEW HOUSING,IN ACTION,Buenos Aires,General Alvarado,Miramar,31,0,31,MUNICIPALITY,1.77,20,EX-2022-04030505- -APN-DGDYD#MDTYH,79844608/2022,01/08/22,-38255839,-38.255839,-57845128,-57.845128,"-38.255839, -57.845128","1,684,505.73",0,"1,347,604.58",08/11/22
B° Lindo - Luminarias para 573 viviendas,OWN HOUSE,NEW HOUSING,A INICIAR,Buenos Aires,General Guido,Labarden,20,0,20,MUNICIPALITY,0,20,EX-2022-14501907- -APN-DGDYD#MDTYH,92044990/2022,01/09/22,-36949617,-36.949617,-58109211,-58.109211,"-36.949617, -58.109211","1,044,903.73",0,"835,922.98",
Construcción de 41 viviendas en Pehuajó,OWN HOUSE,NEW HOUSING,IN ACTION,Buenos Aires,Baradero,Santa Coloma,17,0,17,MUNICIPALITY,0,20,EX-2022-11708633- -APN-DGDYD#MDTYH,94336147/2022,07/09/22,-34058864,-34.058864,-59559636,-59.559636,"-34.058864, -59.559636","942,238.95",0,"753,791.16",05/12/22
B° Comac - Construcción de 243 viviendas,OWN HOUSE,NEW HOUSING,A INICIAR,Buenos Aires,Tordillo,General Conesa,30,0,30,MUNICIPALITY,0,20,EX-2021-89522322- -APN-DGDYD#MDTYH,57710686/2022,07/06/22,-36521361,-36.521361,-57319500,-57.319500,"-36.521361, -57.319500","1,690,253.06",0,"1,352,202.45",
Construcción de 25 viviendas en Castelli,OWN HOUSE,MEJORAMIENTO,A INICIAR,Buenos Aires,Lomas de Zamora,Villa Fiorito,26,0,26,MUNICIPALITY,0,0,EX-2022-112289707- -APN-DGDYD#MDTYH,122074071/2022,11/11/22,-34695008,-34.695008,-58445614,-58.445614,"-34.695008, -58.445614","618,095.77",0,"76,864.36",12/09/22
Construccion de 22 viviendas en San Francisco Solano,Procreate i,NEW HOUSING,FINALIZADO,Buenos Aires,Lomas de Zamora,LOMAS DE ZAMORA,133,0,133,,100,,,,,,,,,"-34.774917, -58.425583",,,"823,632,266.55",
Construcción de 31 viviendas en Predio Pinzón,Procreate II,NEW HOUSING,IN ACTION,Buenos Aires,Lomas de Zamora,Lomas de Zamora,776,0,776,,,,,,,,-34.78018,,-58.42138,"-34.78018, -58.42138",,,"4,502,905.54",
Terminación de 75 viviendas e infraestructura en Sector Bomberos Voluntarios,REBUILD,HOUSING TERMINATION,IN ACTION,Buenos Aires,Lujan,Lujan,0,0,0,MUNICIPALITY,50.32,48.99,EX-2021-67956984- -APN-DGDYD#MDTYH,72779630/2021,10/08/21,-34539586,-34.539586,-59112425,-59.112425,"-34.539586, -59.112425","709,558.45",0,"5,611,661.46",
252 Viviendas PROCREAR Estación Buenos Aires (CABA),REBUILD,HOUSING TERMINATION,IN ACTION,Buenos Aires,Lujan,Lujan,54,0,54,MUNICIPALITY,56.19,45.69,EX-2021-67968058- -APN-DGDYD#MDTYH,72783726/2021,10/08/21,-34540125,-34.540125,-59112608,-59.112608,"-34.540125, -59.112608","3,275,508.47",0,"5,612,034.77",
Construcción de 38 viviendas en Ranchos,REBUILD,HOUSING TERMINATION,IN ACTION,Buenos Aires,Lujan,Lujan,30,0,30,MUNICIPALITY,8.42,20,EX-2021-67956244- -APN-DGDYD#MDTYH,52586314/2022,24/05/22,-34539242,-34.539242,-59112514,-59.112514,"-34.539242, -59.112514","1,776,653.87",0,"1,647,457.93",26/09/22
B° Luz y Fuerza - Terminación de 162 viviendas más infraestructura - Etapa II,OWN HOUSE,NEW HOUSING,A INICIAR,Buenos Aires,General Alvarado,Miramar,25,0,25,MUNICIPALITY,0,20,EX-2022-26802314- -APN-DGDYD#MDTYH,90472922/2022,29/08/22,-38239650,-38.239650,-57870636,-57.870636,"-38.239650, -57.870636","1,414,685.53",0,"1,131,748.42",
Predio Alianza Maciel - Terminación de nexo cloacal y red secundaria de agua,OWN HOUSE,NEW HOUSING,IN ACTION,Buenos Aires,Malvinas Argentinas,Ingeniero Pablo Nogues,52,0,52,MUNICIPALITY,49.37,35.54,EX-2021-47220718- -APN-DGDYD#MDTYH,101484198/2021,19/10/21,-34482503,-34.482503,-58687936,-58.687936,"-34.482503, -58.687936","3,165,427.71",0,"1,335,889.60",
B° Lindo - Construcción de 57 Viviendas Mz 13 y 14,OWN HOUSE,NEW HOUSING,IN ACTION,Buenos Aires,Malvinas Argentinas,Tortuguitas,84,0,84,MUNICIPALITY,14.02,6.14,EX-2021-122815050- -APN-DGDYD#MDTYH,11153202/2022,04/02/22,-34484908,-34.484908,-58753722,-58.753722,"-34.484908, -58.753722","6,217,728.06",0,0,02/12/22
Loteo Cavalieri - Predio 52 lotes,OWN HOUSE,NEW HOUSING,IN ACTION,Buenos Aires,Malvinas Argentinas,Tortuguitas,93,0,93,MUNICIPALITY,26.94,15.13,EX-2021-122815851- -APN-DGDYD#MDTYH,11150201/2022,04/02/22,-34485536,-34.485536,-58754133,-58.754133,"-34.485536, -58.754133","6,871,964.27",0,"390,974.38",
Construcción de 57 viviendas en Tierras Altas - Mza G,REBUILD,HOUSING TERMINATION,IN ACTION,Buenos Aires,Pehuajo,San Bernardo,7,0,7,MUNICIPALITY,97.63,20,EX-2022-29783388- -APN-DGDYD#MDTYH,100119438/2022,21/09/22,-35714311,-35.714311,-61653508,-61.653508,"-35.714311, -61.653508","164,023.30",0,"131,218.64",01/10/22
Construcción de 18 viviendas en Pablo Podestá,OWN HOUSE,NEW HOUSING,IN ACTION,Buenos Aires,Malvinas Argentinas,Tortuguitas,57,0,57,MUNICIPALITY,16.88,10.87,EX-2021-122816481- -APN-DGDYD#MDTYH,12203749/2022,08/02/22,-34486381,-34.486381,-58753683,-58.753683,"-34.486381, -58.753683","4,246,114.15",0,"2,093,687.32",
Predio Alianza II - Terminación de 197 viviendas,OWN HOUSE,NEW HOUSING,A INICIAR,Buenos Aires,Malvinas Argentinas,Ingeniero Pablo Nogues,78,0,78,MUNICIPALITY,0,20,EX-2021-125615625- -APN-DGDYD#MDTYH,100373810/2022,21/09/22,-34493411,-34.493411,-58713433,-58.713433,"-34.493411, -58.713433","5,628,631.93",0,"316,789.23",01/11/22
B° Juan Pablo II - Infraestructura para 784 viviendas,OWN HOUSE,NEW HOUSING,A INICIAR,Buenos Aires,Malvinas Argentinas,Ingeniero Pablo Nogues,98,0,98,MUNICIPALITY,0,20,EX-2021-125616118- -APN-DGDYD#MDTYH,99494499/2022,21/09/22,-34493911,-34.493911,-58712892,-58.712892,"-34.493911, -58.712892","7,014,576.83",0,"650,208.03",
Construcción de 93 viviendas en Tierras Altas - Mza E,OWN HOUSE,NEW HOUSING,A INICIAR,Buenos Aires,Baradero,Irineo Portela,11,0,11,MUNICIPALITY,0,20,EX-2022-11702525- -APN-DGDYD#MDTYH,105068410/2022,30/09/22,-33978664,-33.978664,-59670314,-59.670314,"-33.978664, -59.670314","549,765.56",0,"439,812.45",
B° Lindo - Construcción de 74 viviendas Mz 7 y 3,OWN HOUSE,NEW HOUSING,A INICIAR,Buenos Aires,General Pueyrredón,Mar del Plata,64,0,64,ENTIDAD,0,20,EX-2022-95942317- -APN-DGDYD#MDTYH,113598022/2022,24/10/22,-38022944,-38.022944,-57598389,-57.598389,"-38.022944, -57.598389","4,164,867.58",0,"3,331,894.06",
Terminación de 24 viviendas en Pehuajó,OWN HOUSE,NEW HOUSING,A INICIAR,Buenos Aires,Malvinas Argentinas,Ingeniero Pablo Nogues,98,0,98,MUNICIPALITY,0,20,EX-2021-125616798- -APN-DGDYD#MDTYH,100374389/2022,21/09/22,-34494400,-34.494400,-58712497,-58.712497,"-34.494400, -58.712497","7,015,043.46",0,0,
B° Jacinto - Terminación de 13 viviendas mas infraestructura,Own House - Active House,NEW HOUSING,A INICIAR,Buenos Aires,Malvinas Argentinas,Tortuguitas,33,0,33,MUNICIPALITY,0,20,EX-2021-122353903- -APN-DGDYD#MDTYH,102751461/2022,23/09/22,-34475347,-34.475347,-58781206,-58.781206,"-34.475347, -58.781206","1,669,862.00",0,"1,089,490.56",
1403 Viviendas PROCREAR Berazategui,Own House - Active House,COMPLEMENTARY CONSTRUCTION,IN ACTION,Buenos Aires,Malvinas Argentinas,Tortuguitas,0,0,0,MUNICIPALITY,0,40,EX-2021-122353903- -APN-DGDYD#MDTYH,102752077/2022,23/09/22,-34475453,-34.475453,-58780897,-58.780897,"-34.475453, -58.780897",0,0,"1,523,550.37",
Predio Catamarca y Entre Ríos - Construcción de 8 viviendas,Procreate II,NEW HOUSING,IN ACTION,Buenos Aires,Malvinas Argentinas,Malvinas Argentinas,678,0,678,,,,,,,,-34.49347,,-58.71352,"-34.49347, -58.71352",,,"2,756,451.09",
444 Viviendas PROCREAR San Miguel,OWN HOUSE,NEW HOUSING,IN ACTION,Buenos Aires,Marcos Paz,Marcos Paz,38,0,38,MUNICIPALITY,14.92,20,EX-2022-32198593- -APN-DGDYD#MDTYH,103267767/2022,23/09/22,-34790461,-34.790461,-58855281,-58.855281,"-34.790461, -58.855281","2,059,322.41",0,"283,557.82",
Predio Suipacha - Terminación de 33 viviendas,OWN HOUSE,MEJORAMIENTO,A INICIAR,Buenos Aires,Marcos Paz,Marcos Paz,25,0,25,MUNICIPALITY,0,0,EX-2022-29541782- -APN-DGDYD#MDTYH,109804422/2022,14/10/22,-34768031,-34.768031,-58827983,-58.827983,"-34.768031, -58.827983","650,208.03",0,"10,508,051.56",
346 Viviendas. PROCREAR I. Canning,OWN HOUSE,NEW HOUSING,IN ACTION,Buenos Aires,Merlo,Merlo,20,0,20,MUNICIPALITY,2.07,20,EX-2021-96785180- -APN-DGDYD#MDTYH,67571325/2022,04/07/22,-34742031,-34.742031,-58679239,-58.679239,"-34.742031, -58.679239","778,540.44",0,"880,703.53",
Predio Estanislao del Campo - Construcción de 7 viviendas,REBUILD,HOUSING TERMINATION,A INICIAR,Buenos Aires,Chivilcoy,Chivilcoy,75,0,75,MUNICIPALITY,0,0,EX-2022-99593968- -APN-DGDYD#MDTYH,122106730/2022,11/11/22,-34891906,-34.891906,-59994869,-59.994869,"-34.891906, -59.994869","3,149,351.92",0,"3,149,351.92",
Predio CAEM - Construcción de 9 viviendas,REACTIVATE,INFRAESTRUCTURA,IN ACTION,Buenos Aires,Moreno,Trujui,0,0,0,IPV,75.95,30,EX-2020-60080323- -APN-DGDYD#MDTYH,72633001/2020,27/10/20,-34578169,-34.578169,-58773064,-58.773064,"-34.578169, -58.773064","5,198,036.66",0,"388,777.53",
Predio Suipacha III - Construcción de 37 viviendas (ex 45 viviendas),OWN HOUSE,NEW HOUSING,A INICIAR,Buenos Aires,Pila,Pila,50,0,50,MUNICIPALITY,0,0,EX-2022-16619299- -APN-DGDYD#MDTYH,105066363/2022,29/09/22,-35993872,-35.993872,-58151911,-58.151911,"-35.993872, -58.151911","2,277,290.72",0,"2,277,290.72",
B° Villa Azul - Construcción de 11 viviendas,REBUILD,HOUSING TERMINATION,IN ACTION,Buenos Aires,Moron,Moron,20,0,20,MUNICIPALITY,47.94,52.37,EX-2021-36739543- -APN-DGDYD#MDTYH,64157308/2021,16/07/21,-34670997,-34.670997,-58608000,-58.608000,"-34.670997, -58.608000","847,232.84",0,"496,297.80",
B° La Herradura - Construcción de 225 viviendas,Own House - Active House,NEW HOUSING,A INICIAR,Buenos Aires,Mercedes,Mercedes,32,0,32,MUNICIPALITY,0,0,EX-2022-57642455- -APN-DGDYD#MDTYH,131088361/2022,02/12/22,-34671386,-34.671386,-59444142,-59.444142,"-34.671386, -59.444142","1,803,650.16",0,"1,803,650.16",
B° Azul - Construcción de 11 viviendas,Procreate II,NEW HOUSING,IN ACTION,Buenos Aires,Moron,Palomar,534,0,534,,,,,,,,-34.62786,,-58.61621,"-34.62786, -58.61621",,,"95,565.09",
Construcción de Centro de día y pileta en San Fernando,Procreate i,NEW HOUSING,FINALIZADO,Buenos Aires,EZEIZA,CANNING,346,0,346,,100,,,,,,,,,"-34.877833, -58.506333",,,,7/4/2014
B° Azul - Terminación de 19 Viviendas,REBUILD,HOUSING TERMINATION,FINISHED,Buenos Aires,Carlos Casares,Carlos Casares,20,0,20,MUNICIPALITY,100,72.53,EX-2021-36213579- -APN-DGDYD#MDTYH,54184813/2021,18/05/21,-35611061,-35.611061,-61365314,-61.365314,"-35.611061, -61.365314","216,581.08",0,,9/9/2014
Construcción de Centro de día y pileta en San Vicente,Own House - Active House,NEW HOUSING,IN ACTION,Buenos Aires,Presidente Peron,Guernica,32,0,32,MUNICIPALITY,41.17,32.9,EX-2021-73711288- -APN-DGDYD#MDTYH,6121128/2022,19/01/22,-34900569,-34.900569,-58367150,-58.367150,"-34.900569, -58.367150","1,691,920.96",0,,9/12/2014
B° Unamuno - 24 mejoramientos modulares,Own House - Active House,COMPLEMENTARY CONSTRUCTION,IN ACTION,Buenos Aires,Presidente Peron,Guernica,0,0,0,MUNICIPALITY,32.09,80,EX-2021-73711288- -APN-DGDYD#MDTYH,6118727/2022,19/01/22,-34900153,-34.900153,-58366836,-58.366836,"-34.900153, -58.366836",0,0,,28/5/2014
B° La Candela - Construcción de 52 viviendas,REBUILD,HOUSING TERMINATION,IN ACTION,Buenos Aires,Quilmes,Quilmes,24,0,24,MUNICIPALITY,59.68,57.66,EX-2021-33221609- -APN-DGDYD#MDTYH,53539534/2021,14/06/21,-34725050,-34.725050,-58289989,-58.289989,"-34.725050, -58.289989","1,023,654.39",0,,22/1/2014
160 Viviendas PROCREAR Avellaneda (Int. Luis Raul Sagol),REBUILD,HOUSING TERMINATION,A INICIAR,Buenos Aires,Quilmes,Quilmes,80,0,80,MUNICIPALITY,0,8.33,EX-2021-89371310- -APN-DGDYD#MDTYH,97044388/2021,12/10/21,-34727794,-34.727794,-58232972,-58.232972,"-34.727794, -58.232972","4,897,661.06",0,,14/5/2014
B° Santa Marta - Etapa III - Terminación de 54 viviendas,REBUILD,HOUSING TERMINATION,A INICIAR,Buenos Aires,Quilmes,Quilmes,80,0,80,MUNICIPALITY,0,8.33,EX-2021-98434859- -APN-DGDYD#MDTYH,112181292/2021,16/11/21,-34727281,-34.727281,-58231919,-58.231919,"-34.727281, -58.231919","5,363,918.28",0,,20/3/2014
Terminación de 100 Viviendas,REBUILD,INFRAESTRUCTURA,A INICIAR,Buenos Aires,Quilmes,Quilmes,0,0,0,MUNICIPALITY,0,10,EX-2021-124275495- -APN-DGDYD#MDTYH,127025648/2021,29/12/21,-34727364,-34.727364,-58232875,-58.232875,"-34.727364, -58.232875","3,309,878.01",0,,13/3/2015
133 viviendas PROCREAR Lomas de Zamora,REBUILD,HOUSING TERMINATION,A INICIAR,Buenos Aires,Quilmes,Quilmes,80,0,80,MUNICIPALITY,0,8.33,EX-2021-114974894- -APN-DGDYD#MDTYH,127027797/2021,29/12/21,-34727833,-34.727833,-58232881,-58.232881,"-34.727833, -58.232881","5,162,395.67",0,,4/11/2014
Construcción de 32 viviendas en Ensenada,OWN HOUSE,NEW HOUSING,IN ACTION,Buenos Aires,Quilmes,Quilmes,11,0,11,MUNICIPALITY,19.09,27.7,EX-2021-103222055- -APN-DGDYD#MDTYH,5310217/2022,17/01/22,-34703608,-34.703608,-58308097,-58.308097,"-34.703608, -58.308097","651,467.47",0,,24/5/2013
Predio 213 Etapa III,Own House - Caritas,NEW HOUSING,IN ACTION,Buenos Aires,Quilmes,San Francisco Solano,22,0,22,ENTIDAD,37.66,36.13,EX-2021-116116692- -APN-DGDYD#MDTYH,10309910/2022,02/02/22,-34760233,-34.760233,-58317142,-58.317142,"-34.760233, -58.317142","1,306,011.93",0,,15/6/2015
Red de energía eléctrica y red de alumbrado para 252 viviendas,Procreate II,NEW HOUSING,A INICIAR,Buenos Aires,Quilmes,Quilmes,132,0,132,,,,,,,,-34.73401,,-58.25363,"-34.73401, -58.25363",,,,22/6/2015
B° Aires de Jacarandá - Construcción de 23 viviendas,REBUILD,HOUSING TERMINATION,IN ACTION,Buenos Aires,San Fernando,Virreyes,40,0,40,MUNICIPALITY,96.43,90.77,EX-2021-40527875- -APN-DGDYD#MDTYH,77781220/2021,23/08/21,-34465783,-34.465783,-58595167,-58.595167,"-34.465783, -58.595167","2,353,298.06",0,"11.109.787,75",
Obra de accesibilidad vial y peatonal para 252 viviendas,REBUILD,HOUSING TERMINATION,IN ACTION,Buenos Aires,San Fernando,Virreyes,81,0,81,MUNICIPALITY,82.63,64.98,EX-2021-40528464- -APN-DGDYD#MDTYH,77779616/2021,23/08/21,-34465061,-34.465061,-58590681,-58.590681,"-34.465061, -58.590681","5,942,115.70",0,"13.197.301,76",
Predio Argañaraz I - Construcción de 24 viviendas - Renglón I - Módulos 1 y 2,OWN HOUSE,NEW HOUSING,IN ACTION,Buenos Aires,San Fernando,Virreyes,322,0,322,MUNICIPALITY,5.96,17.49,EX-2022-20480546- -APN-DGDYD#MDTYH,52653830/2022,26/05/22,-34464903,-34.464903,-58587458,-58.587458,"-34.464903, -58.587458","19,278,632.19",0,,
Predio Larralde y Velez Sarfield - Construcción de 25 viviendas,Own House - Active House,NEW HOUSING,IN ACTION,Buenos Aires,San Fernando,San Fernando,32,0,32,MUNICIPALITY,44.5,47.59,EX-2021-83538119- -APN-DGDYD#MDTYH,52639647/2022,26/05/22,-34464031,-34.464031,-58585094,-58.585094,"-34.464031, -58.585094","1,739,701.84",0,,
B° Lindo - Terminación de 48 Viviendas y Obras Complementarias Mz 5-9,Own House - Active House,COMPLEMENTARY CONSTRUCTION,IN ACTION,Buenos Aires,San Fernando,San Fernando,0,0,0,MUNICIPALITY,46.55,80,EX-2021-83538119- -APN-DGDYD#MDTYH,52638065/2022,26/05/22,-34464369,-34.464369,-58585925,-58.585925,"-34.464369, -58.585925",0,0,,
Predio Argañaraz II - Construcción de 44 viviendas,Procreate II,NEW HOUSING,A INICIAR,Buenos Aires,San Miguel,San Miguel,444,0,444,,,,,,,,-34.58442,,-58.72193,"-34.58442, -58.72193",,,,
Terminación de 224 viviendas e infraestructura,REBUILD,HOUSING TERMINATION,IN ACTION,Buenos Aires,San Vicente,San Vicente,300,0,300,MUNICIPALITY,50.55,38.45,EX-2021-56478915- -APN-DGDYD#MDTYH,98053131/2021,14/10/21,-34968289,-34.968289,-58385169,-58.385169,"-34.968289, -58.385169","17,258,220.49",0,,
Construcción de 39 viviendas en Predio Mitre 3033,OWN HOUSE,NEW HOUSING,IN ACTION,Buenos Aires,San Vicente,San Vicente,200,0,200,MUNICIPALITY,46.68,34.15,EX-2021-72227803- -APN-DGDYD#MDTYH,112178701/2021,16/11/21,-34967064,-34.967064,-58382689,-58.382689,"-34.967064, -58.382689","11,092,929.51",0,,
B° Azul - Construcción de 10 viviendas,Own House - Active House,NEW HOUSING,IN ACTION,Buenos Aires,San Vicente,San Vicente,32,0,32,MUNICIPALITY,65.32,48.56,EX-2021-66614426- -APN-DGDYD#MDTYH,115125759/2021,26/11/21,-35027242,-35.027242,-58435283,-58.435283,"-35.027242, -58.435283","1,924,230.60",0,,
Red de infraestructura de gas natural para 252 viviendas,Own House - Active House,NEW HOUSING,IN ACTION,Buenos Aires,San Vicente,San Vicente,0,0,0,MUNICIPALITY,33.85,80,EX-2021-66614426- -APN-DGDYD#MDTYH,115131460/2021,16/11/21,-35027242,-35.027242,-58435283,-58.435283,"-35.027242, -58.435283",0,0,,
Construcción de 25 viviendas en Miramar,PNASU,LOT WITH SERVICES,IN ACTION,Buenos Aires,San Vicente,San Vicente,0,720,720,MUNICIPALITY,51.73,46.17,EX-2021-102841001- -APN-DGDYD#MDTYH,38886572/2022,12/04/22,-3502275,-35.02275,-5838252,-58.38252,"-35.02275, -58.38252","11,663,623.74",0,,
Construcción de centro de día y pileta,REBUILD,HOUSING TERMINATION,IN ACTION,Buenos Aires,Tigre,Tigre,212,0,212,MUNICIPALITY,19.81,14.39,EX-2021-77414824- -APN-DGDYD#MDTYH,98056618/2021,14/10/21,-34459239,-34.459239,-58602597,-58.602597,"-34.459239, -58.602597","15,626,607.54",0,,
Predio Tranquila I - Construcción de 53 viviendas,OWN HOUSE,NEW HOUSING,A INICIAR,Buenos Aires,Tres de Febrero,Pablo Podesta,18,0,18,MUNICIPALITY,0,20,EX-2022-66727919- -APN-DGDYD#MDTYH,88043754/2022,22/08/22,-34576000,-34.576000,-58617047,-58.617047,"-34.576000, -58.617047","1,436,206.05",0,,
B° Calabria - Construcción de 64 Viviendas - Sector 1,PNASU,LOT WITH SERVICES,IN ACTION,Buenos Aires,Zarate,Zarate,0,347,347,MUNICIPALITY,11.59,24.85,EX-2020-76954715- -APN-DGDYD#MDTYH,16402513/2021,24/02/21,-3409472,-34.09472,-5905789,-59.05789,"-34.09472, -59.05789","3,193,711.91","563,596.22",,
B° Santa Fátima - Adquisición de Suelo para 176 lotes,REBUILD,HOUSING TERMINATION,FINISHED,Buenos Aires,Zarate,Zarate,13,0,13,MUNICIPALITY,100,100,EX-2021-66941388- -APN-DGDYD#MDTYH,78340612/2021,24/08/21,-34107389,-34.107389,-59041347,-59.041347,"-34.107389, -59.041347","133,367.68",0,,
Construcción de 32 viviendas más equipamiento en San Fernando,REBUILD,INFRAESTRUCTURA,FINISHED,Buenos Aires,Zarate,Zarate,0,0,0,MUNICIPALITY,100,100,EX-2021-66941388- -APN-DGDYD#MDTYH,78340612/2021,24/08/21,-34107389,-34.107389,-59041347,-59.041347,"-34.107389, -59.041347","21,196.46",0,,
132 Viviendas PROCREAR Quilmes,Procreate II,NEW HOUSING,IN ACTION,Buenos Aires,Baradero,Baradero,207,,207,,,,,,,,,,,,,,,